66,0,4,154,44,9.5,1
43,0,0,251.5,61,9.3,0
37,0,3,191.4,47,14,0
148,1,1,252.9,101.2,12.3,0
87,1,3,82.6,59.7,9.5,0
75,0,1,209.4,56.6,7.2,0
100,0,1,166,49,10.9,0
78,0,2,155,42,11.8,0
98,0,0,216.8,54,11,0
72,0,1,147,41.8,10.5,0
145,0,2,129.4,38,1.1,0
76,0,0,203.6,49,8.4,0
66,1,2,229.4,82.6,8,0
158,0,2,222.8,56,6.9,0
75,0,1,222.4,66,8.7,1
149,1,2,264.4,94.5,11.3,0
12,0,1,249.6,64,11.8,1
121,1,4,237.1,85.3,10.1,0
51,0,1,197.8,53,8.9,0
54,0,1,214.1,57,10.1,0
121,1,3,218.2,87.3,7.5,0
150,1,0,209.8,68.4,7.2,0
163,0,5,202.9,50,12.8,0
157,0,2,240.2,54,10.2,0
64,0,3,146.7,40.6,12.5,0
127,0,1,176.9,45,7.7,1
74,0,0,162.7,53,8.7,0
178,0,2,124.5,34,11.4,1
65,0,2,192,47.8,5.5,0
96,1,1,172.7,67.5,9.8,0
36,1,0,146.3,78.2,14.5,0
96,0,1,276.9,69,10.3,1
119,1,3,117.8,62.5,7.6,0
56,0,4,222.7,62,13.6,0
89,1,1,209.9,80.5,8.7,0
162,0,2,135.2,44,10.2,0
61,1,4,187.5,62.3,6.4,1
61,0,2,78.2,30,10.1,0
106,0,1,158.7,33,10.2,0
117,0,0,239.9,56,9.8,0
128,1,0,222.9,90.2,10.8,0
64,0,2,174.5,45,10.7,0
11,1,2,131.5,69,10,0
81,0,3,183.6,45,12.2,0
43,0,1,84.2,22,10.8,0
155,0,2,163,46,15.1,0
78,0,1,191.7,54,9.1,0
90,0,3,113.2,36,14.1,0
65,0,1,213.4,57,2.7,0
168,0,2,183.2,50.7,9.9,0
111,0,3,99.3,40,9,0
176,0,1,201.9,51.2,9,0
136,0,1,250.2,66,13,1
9,1,1,193.8,86.9,13.3,0
56,0,2,197,53,10.6,0
45,1,0,196.6,93.1,11.9,0
69,0,2,279.8,69,8.4,1
85,0,1,210.3,53,11.2,0
109,1,4,217.5,81.3,9,0
97,0,4,145,50,11,1
55,1,4,130.5,69.7,11,1
107,0,1,234.1,56.9,10,0
89,1,2,188,73.4,10.5,0
125,0,2,169.3,46,11.6,0
94,0,1,190.6,46,7.5,0
99,0,0,155.3,49,12.4,0
131,0,2,263.4,58,10.7,0
108,0,1,103,39,7.9,0
72,0,4,287.4,69,5,1
61,1,3,270.7,93.4,10.9,0
135,1,1,273.4,93.2,12.3,0
78,0,3,75,34,9.5,0
36,0,0,157.6,46.4,11.9,0
63,0,0,261.8,66,14.7,1
83,1,3,272.5,91.5,8.7,0
116,0,3,192.1,62.4,7.9,0
87,0,2,322.5,73,9.4,1
92,1,2,184,72.3,12.7,0
84,0,1,86,39.7,8.9,0
74,1,1,174.6,81.3,9,0
79,0,1,268.3,65.1,6.3,1
139,0,3,192.8,53,13,0
144,1,2,189.8,60.6,6.5,1
127,0,2,224.3,57.2,10,0
97,0,0,276.1,69,8.9,1
63,0,0,211.2,60.7,12.3,0
30,0,3,137.6,38,5.8,0
113,0,1,72.5,32.7,6.6,0
132,0,1,169.9,47,11.5,0
111,0,1,214.3,55,12,0
79,1,3,103.1,71.9,12.2,0
127,0,1,239.8,52,11.3,0
96,1,2,247.6,93.2,10.8,0
121,1,0,170.4,91.8,15.1,0
130,0,0,183,38,9.5,0
148,0,1,208.4,51,11.2,0
69,0,3,195.3,54.9,12.5,0
164,1,1,219.1,89.6,14.3,0
110,0,0,293.3,66,14.5,1
89,0,0,192.1,48.5,6.1,0
105,0,2,102.8,42,13.2,0
37,0,2,239.9,64,8.9,1
87,0,1,146.3,42.9,5.3,0
122,1,2,146.4,75.1,15.6,0
132,1,1,174.5,78.8,10.3,0
177,1,1,230.2,84.1,10.4,0
111,0,1,78.3,34.5,12.1,0
144,0,0,203.5,56,11.9,0
105,0,1,146.4,48,8.5,0
93,1,2,218.7,72.4,9.4,0
82,1,2,163.8,63.8,8.8,0
140,1,4,188.9,77.1,11.5,0
67,0,2,129,41.1,11.2,0
78,0,2,190.3,49,11.7,0
93,0,0,179.5,47,12,0
136,1,2,179.4,71.7,9.5,0
113,1,1,44.9,55.9,13.3,0
135,0,1,186,38,12.9,0
112,1,1,198.8,86.1,11.5,0
86,0,3,190.5,52.2,10.1,0
110,0,1,208,47.3,8,0
86,0,3,136.4,41,11.5,0
87,1,1,165.8,45,0,0
135,0,1,173.4,49,13.7,0
66,1,1,106.7,68.7,12.1,0
160,1,1,164.6,92,15.2,0
101,0,3,217.7,59.5,0,0
118,1,4,156.5,75,11.1,1
62,0,2,86.3,35,12.5,0
58,1,1,211.9,74.6,5.4,0
53,1,3,145.7,79.4,13.1,0
55,0,2,286.7,61,6.9,0
58,1,0,178.1,73.7,8.4,0
73,0,0,157.1,50,10,0
97,1,1,117.6,54.3,6.4,0
159,1,2,153.6,79,12.6,0
74,1,4,154.1,78.6,13.2,0
61,1,2,105,61.5,10.2,1
102,1,2,137.4,66.5,10.2,0
90,0,1,167.5,41,13,0
180,0,3,143.5,41,8.8,0
134,1,0,162,88.1,11.9,0
91,0,1,151.8,35,12.2,0
38,0,3,194.4,49,10.8,0
107,1,1,201.8,93.1,11.9,0
87,0,1,189.5,50,13.4,0
133,0,3,143.8,41,12.9,0
123,0,1,172.2,47.6,8.7,0
113,0,1,90.6,30,5.4,0
117,1,1,80.2,56.2,8.6,0
57,0,2,149.3,45,11.9,0
112,1,4,213,86,11.1,0
68,1,1,142,75.5,11.3,0
131,1,1,156.6,69.2,13.4,0
130,0,2,132.4,42.6,6,0
64,0,1,346.8,81,13.3,1
114,1,4,225.8,77.7,8.4,0
85,1,1,196.4,95.3,13.8,0
46,0,1,210.2,58.1,13.1,0
105,0,3,259.3,59,12,0
80,1,2,236.6,83.7,9.5,0
92,0,1,197,57,10.8,0
25,0,2,134.3,41,12.6,0
105,0,2,125.4,46.8,11.4,0
136,0,1,199.2,53,11.8,0
190,0,2,182.2,51.7,9.3,0
42,0,0,241.2,51,10.6,0
143,0,1,155.4,52,13.9,0
117,0,3,102.3,29,15.7,0
103,0,1,141.3,46,6.4,0
83,1,0,95.9,74.9,13.3,0
47,0,0,47.8,24,13.3,1
74,0,1,165.3,45,9.8,0
105,1,0,193.5,75,8.5,0
63,1,1,199,88.7,11,0
54,0,1,116.8,31,12,0
134,1,1,214.4,82,10,0
155,0,0,203.4,51,8.9,1
123,1,1,198.7,88.8,12.5,0
108,0,1,246.2,60,9.4,0
166,0,1,204.2,52.9,9.5,0
33,1,4,157.4,74.5,13.9,1
35,0,2,124.2,35.2,13.1,0
91,1,1,216.6,76.6,9.1,0
64,0,3,124.1,40.6,6.4,0
103,1,0,164.1,80.2,12.3,0
243,0,2,95.5,31,6.6,0
138,0,2,170.5,44.3,11.2,0
126,0,1,321.3,69,8,1
64,0,2,97.2,35.8,10.4,0
160,0,0,206.3,56,11.7,0
93,0,3,266,57,13.1,0
82,0,1,143.7,39,7.8,0
145,0,0,39.5,33.2,10,0
137,1,0,175.3,72.1,7.8,0
94,0,4,157.9,41,8,1
121,0,0,103.3,29,10.7,0
76,0,0,186.1,50,8,0
135,1,2,201.4,90.8,12.9,1
192,0,2,185,54.4,11.4,0
54,1,2,143.9,76.8,12.5,0
32,0,0,230.9,56,6.3,0
58,0,2,165.4,38,12.8,0
72,1,3,220,95.7,14.7,0
148,0,0,233.5,58.1,9.6,1
158,0,2,155.9,46,8.6,0
116,0,3,215.4,58,12.6,0
163,0,1,122.4,31,12.5,0
105,1,2,218.5,80.7,9.9,0
127,1,1,166,71.5,10.2,0
90,1,2,185.6,81,11.1,0
162,1,0,184.5,80.2,12.3,0
54,0,1,210.5,54,8.5,0
114,0,2,193,55,9.6,0
122,1,3,195.4,79.7,8.4,0
82,0,3,189.2,48,10.6,1
108,1,0,171.6,70.2,10.8,0
183,0,2,116.7,39,9.7,0
24,0,1,156.2,35,7.3,0
116,0,1,63.7,29.6,10,0
127,0,1,134.9,45.5,15,0
155,0,3,181.4,46,11.3,0
44,0,1,240.3,55,10.6,0
155,0,2,262.4,62,8.3,0
95,0,1,237.3,54,11.2,0
116,0,2,205,50.5,7.5,0
118,0,0,140.4,40,7.9,0
88,0,1,218.2,52,8,0
117,0,1,97.1,36,10.6,0
131,0,1,109.5,47,6.6,0
62,0,1,98.9,29,12.2,0
100,0,0,216.2,59,10.2,0
73,0,2,234.7,57,8.4,0
161,0,3,221.7,58.2,6.5,0
69,0,1,153.7,43,14.1,0
112,0,3,214.8,55,9.4,0
85,0,0,127.9,47.5,12.5,0
137,0,3,242.1,58,14.7,0
87,0,1,231.3,57.8,13,0
80,0,1,118.1,33,8.2,0
86,0,1,83.8,35,6.7,0
116,0,2,110.9,37,7.9,0
19,0,1,259.4,68,9.5,1
64,0,1,145.5,48.1,8.9,0
136,0,1,152.6,44,5,0
156,0,1,178.8,49.3,7.5,0
138,0,2,286.2,65,11,1
95,1,0,40.9,51.1,11.9,0
111,0,0,284.4,62,8.4,1
55,0,2,194.1,49,7,0
155,0,2,216.7,53.9,10.8,0
70,0,1,170.2,46,15,0
152,0,1,228.1,51,9,0
103,0,3,62.8,29.8,9.4,0
102,0,2,273.2,65,13.1,1
112,1,2,181.8,75.8,9.2,0
10,0,2,183,50,8.7,0
54,0,2,190.5,58.8,9.7,1
160,0,3,85.8,32.8,9.2,0
148,1,1,262.9,79.9,8.1,0
59,0,2,166.3,51.7,10,0
135,0,0,151.7,36,10.5,0
31,1,0,100.1,53.9,5.9,0
120,1,1,128.5,36,0,0
65,0,2,148.7,48,12.7,0
58,0,2,247.2,68,9.3,1
67,1,0,181.1,95.6,16.9,1
120,0,0,221.3,61,9.3,0
100,0,1,247.8,54,6.9,0
123,0,3,166.9,48,12.8,0
102,0,0,114.8,27,12,0
68,0,1,213.9,61.1,8.4,1
117,0,1,143.3,43,11.5,0
85,0,2,96.7,33,9.7,0
74,0,2,85.7,38,10.1,0
217,0,0,123.7,45.9,13.3,0
62,1,2,186.4,79,11.1,1
90,0,1,142.4,35,4.6,0
85,0,3,225,54,7.1,0
108,1,3,170.7,62.5,8.7,0
209,0,3,255.1,63,8.5,1
97,0,1,112.7,38,6.5,0
4,0,0,145.3,51,8.9,0
181,1,2,105.2,64,6.3,0
88,1,1,288.5,102.1,13,0
81,0,3,149.4,41,17.9,1
30,0,0,227.4,55,12.5,0
117,0,1,161.6,49.2,13.8,0
85,0,3,222.3,58,11,0
129,1,2,193,79.8,10.3,0
162,1,1,179.7,75.1,9.3,1
89,0,1,197.1,48,12.8,0
125,1,0,268.4,92.8,10.3,0
113,0,1,207.2,57,9.9,0
1,0,1,144.8,35,13.8,0
44,0,1,143.2,42.2,7.6,0
117,0,1,54.2,35,8.6,1
105,0,0,270.9,66,8.8,1
149,0,1,187.6,50,8.8,0
102,0,3,200.6,48,7.7,0
122,0,2,119.3,40,8.7,0
157,0,2,185.1,50,8.5,0
83,0,3,231.3,58,12.4,0
62,0,0,159.7,44,13.9,1
112,0,1,168.6,54,9.8,0
42,0,1,303.9,72,5.8,1
98,1,1,110.5,68.7,11,0
85,0,1,201.4,58,12,0
172,0,2,270,68,12,1
157,0,3,168.6,50.9,5.9,0
124,0,1,244.6,58,11.3,0
125,0,1,140.1,45,8,0
73,0,2,94.9,40.2,14.2,0
6,0,3,226.5,52,9.4,0
108,0,4,112,36,4.1,1
123,0,0,159.5,53,12,0
81,0,1,115.3,39,18,0
90,0,2,214.9,47,11.8,0
132,0,1,190.1,48,13,0
86,1,1,123,68.9,13.3,0
30,0,0,247.4,58,11.3,0
84,0,2,289.1,70,12.7,1
86,1,2,99.9,66.5,9.8,0
89,1,2,163.5,72.3,7.5,0
84,0,0,138.6,41,7.8,0
71,0,2,141.2,37,7,0
93,0,1,98.4,38,14.2,0
94,1,4,197.1,77.7,9.5,0
67,0,0,115.5,43.4,7.5,0
50,1,2,192.6,66.3,7.9,0
130,0,0,252,61.2,5.7,0
141,1,3,187.5,81.4,10.5,0
33,0,2,213.9,57,9.8,0
93,1,0,116.9,69.7,11,0
76,0,0,246.8,60,13.2,1
108,0,2,240.2,61,5.2,0
82,1,2,137.8,73.7,11,0
95,0,1,165.5,53,11.5,1
69,1,1,271.5,90.1,8.2,1
99,1,2,179.1,79.6,10.6,0
30,0,1,169.9,49,11.4,0
193,1,0,71.2,54.6,11.7,0
114,0,1,169.6,38,7.4,0
98,0,3,126.3,39,9.4,0
85,0,0,235.8,54,12,0
88,0,3,215.6,56,11.8,0
106,0,2,52.2,30.4,11.4,0
72,0,1,177.1,46,8,0
92,1,4,167.4,81.2,11.2,0
225,0,0,165.4,55,8.7,1
111,0,4,176.9,39,10.5,1
124,1,2,144.5,79.4,12,0
21,1,6,135.9,72.7,9.5,0
138,1,3,211.2,91.9,10.7,1
99,0,7,115.5,39,11.5,1
161,0,2,156.1,42,11.1,0
44,0,0,288.8,65,9.5,1
31,1,1,171.8,78.6,10.6,0
139,0,0,211.1,54,5.6,0
130,0,3,155.9,49,11.7,0
75,0,1,143.2,43,11.9,0
98,1,2,111.1,55.8,6.6,0
138,0,3,251,51,13.8,0
153,0,1,185.3,50,15.1,0
106,1,1,83.6,53.9,8.1,0
78,0,1,109.5,44.7,4.9,0
138,1,3,155.2,76.2,9.7,0
118,0,5,267.8,73,14.4,1
129,0,1,161.3,47,9.6,0
107,0,2,90.7,34,5.6,0
119,0,2,287.1,63,13.9,1
91,0,3,203.1,53,12,0
139,0,3,196,50,9.8,0
99,0,7,135.7,42.2,8.8,1
183,1,1,171.2,73.5,10.2,0
55,0,0,106.1,29,12.9,0
130,0,1,120.5,37,14.3,0
149,1,1,206.7,79.4,10.9,0
81,0,2,173.2,50,11.8,0
117,1,1,196,71,3.7,0
167,0,4,169.2,44,12.4,1
110,0,2,149.8,43.9,11.7,0
125,1,1,96.5,54.4,9.4,0
75,0,1,153.2,46.9,7.8,0
179,0,1,234.5,57.2,6.1,0
68,0,2,249.9,65,8.9,1
132,0,1,291.2,70,8.9,1
68,0,1,195.4,52,15.1,0
17,1,1,198.5,78.9,8.1,0
173,0,1,191.4,47,10.3,0
104,0,2,200.2,45,6,0
90,0,2,198.5,59.8,8,0
111,1,1,205.5,91.8,14,0
40,0,6,81.7,32,11.3,1
58,1,1,142.8,72,8.9,0
154,0,3,154.5,45,12,1
104,0,5,280.4,65.7,15.2,0
126,0,0,161.4,47,5.1,0
92,1,0,134,67.2,9.7,0
109,0,1,217,55,8.2,0
63,1,1,152.2,79.2,12.3,0
129,0,2,216,53,4.9,0
98,0,2,162.8,44,6,0
128,0,1,148.5,46,6.8,0
74,0,2,174.1,51,8.3,1
182,0,1,176.1,48.5,9.7,0
29,0,1,157.4,40,9.3,0
56,0,1,226,60,6.9,0
93,0,3,152.4,51.7,6.6,0
90,0,2,109.6,31,11,0
63,0,1,62.9,28,8.9,0
120,1,5,153.5,70.5,10.2,0
86,1,4,144.8,74.3,11.6,0
94,0,1,206.1,55,13,0
173,1,3,232.4,71.5,5,0
74,0,1,282.5,69.1,9.4,1
161,0,1,178.1,43,8.5,0
117,0,2,191.1,57,12,0
46,0,2,40.4,22,9,0
95,1,3,283.1,103.5,11.3,0
225,0,1,182.7,53,8.8,0
59,0,4,182.5,54.1,11.3,0
77,1,4,135.9,75.1,11.5,1
56,0,1,137.2,38,14.3,0
103,0,0,189.8,46.3,12.2,0
83,0,1,271.5,67.6,11.7,0
148,0,0,218.9,55,11.1,0
90,0,2,114.4,33.8,10.1,0
183,0,1,190,56.8,9.5,0
65,0,4,245.7,63,4.2,1
78,0,3,137.4,44,14,0
62,0,0,147.1,42,12.2,0
1,0,1,175.2,43,5.3,0
58,1,1,194.5,77.7,9.5,0
90,1,1,71.2,62.8,12.9,0
125,0,2,182.3,43,11.6,0
100,0,0,160.3,49.1,11.2,0
60,0,1,135.4,41,7.9,0
135,0,2,239.9,57.7,5.9,0
160,0,1,166.8,50.8,9.3,0
119,1,1,178.1,76,10,0
113,0,3,132.1,44,6.9,0
137,0,0,208.8,55,11.1,0
65,1,4,208.8,81.8,12.5,0
117,0,1,119,40.9,11.5,0
77,1,2,211.1,81.2,9.7,0
129,0,2,198.4,57,9.2,0
171,0,2,137.5,44.1,13.3,0
64,0,5,148.1,40,12.3,1
93,0,0,149.6,43,14.3,0
103,0,3,173.5,51,9.7,0
109,0,3,153.1,49.7,9.9,0
101,0,3,136.2,45.1,13.3,0
137,0,2,135.1,35,12.3,1
71,0,0,211.2,60.1,12.3,0
93,1,2,136.8,72.8,12.5,0
141,0,3,51.9,25.6,10.1,0
84,0,0,280,65,10.4,1
161,0,4,154.7,42,5.9,1
93,0,2,271.6,67.9,10.9,0
174,0,2,139.4,38.2,10,0
20,0,0,190,58.2,6.3,0
89,0,2,89.7,34.8,9.5,0
53,0,3,57.5,33,11.6,0
59,0,1,155.2,47,8.7,0
66,1,0,190.8,79,8.9,0
68,0,2,219.6,50,10.8,0
104,0,2,139.7,41,11.3,0
135,0,3,155.2,41.2,3.8,0
122,0,1,170.5,47.9,11.3,0
126,0,1,122.4,34,11.5,0
128,1,1,265.1,89,10,0
85,1,1,173.1,82.1,11.5,0
143,0,4,167.8,47,10.5,1
35,0,5,138.1,37,10.3,1
84,0,1,75.3,29,12.3,0
138,0,0,205.9,57,12.1,0
134,0,0,202.7,54,12.1,0
63,0,0,180.5,52.9,10.6,0
74,0,2,225.2,61.5,9.1,0
173,0,0,172.5,42,10.9,0
117,0,0,168.8,50,15.5,0
137,1,2,189.6,78.8,11.4,0
62,0,1,281,62,0,0
71,0,0,243.7,47,11.3,0
136,1,1,205.5,79.6,6.9,0
119,0,1,222.8,55.4,11.2,0
85,0,2,236.9,58,11.4,1
104,0,4,167.6,51.3,11.7,0
159,0,0,167.4,41,10.3,1
106,1,2,223.5,86.6,10.6,0
123,0,0,154.3,42,10.9,0
63,0,0,211.7,63.6,7.4,0
137,0,2,174,47.4,11.4,0
48,0,1,188.4,47,13.2,0
115,1,0,155.2,59.2,4.5,0
41,1,2,239.8,79.7,7.3,0
90,0,0,76.1,38,10.8,0
181,1,1,190.3,82.6,10.6,0
74,0,2,298.1,71.2,9.7,1
130,0,1,150.4,46,12.3,0
95,0,4,238.1,57,11.8,0
155,1,1,61.6,66.5,12.4,0
124,0,1,184.8,47,10.5,0
149,0,0,237.6,57,9.1,0
166,0,2,197.9,57.6,11.2,0
95,1,5,136.8,68.8,10.3,1
169,0,1,235.7,52,13.3,0
50,0,1,183.6,37,8.7,0
174,0,1,239.2,59.9,8.8,0
120,0,1,212.1,54,5.3,1
70,0,0,59.5,35.1,11.1,0
122,0,1,231.2,63,8.8,1
63,0,1,58.9,25,9.4,0
80,0,2,148.6,44,10,0
125,0,2,131.8,38.9,7.7,0
107,0,5,189.7,48.1,8.3,0
145,0,1,229.6,51,3.3,0
73,1,2,131.2,59.5,10.2,0
144,0,0,150,52.7,9.4,0
128,0,0,103.3,39,6.4,0
68,1,0,239.5,85.7,9.9,0
99,0,2,222.4,57.3,12,0
64,1,1,154.6,69.9,13.3,0
128,0,4,199.3,51,14.3,0
100,0,1,185,47,5.1,0
102,0,1,224.7,50,15.8,0
194,0,1,48.4,33,18.2,0
157,0,2,224.5,56,11.5,0
48,0,0,128.2,26,8.9,0
119,0,1,134.9,41,11.3,0
123,0,4,125.5,33,6.3,1
84,0,1,203.4,51,13.8,0
101,0,3,248.6,58,6.1,0
43,0,4,177.2,43,12.7,0
115,0,1,127.7,38,10.6,0
20,1,0,171.5,62.2,7.1,0
73,0,2,187.8,45,11,0
131,1,3,214.2,76.7,9.5,0
29,1,2,235,71.4,5.7,0
123,1,1,270.4,108.6,15.4,0
144,0,0,133.3,45,11.6,0
59,0,0,195,51,14.8,0
133,1,2,174,86.1,14.1,1
127,0,2,139.6,45,8.8,0
146,0,1,111.1,46,10.5,0
52,1,1,133.3,75.5,13.5,0
70,0,3,104.7,25,15.8,0
145,1,2,147.5,83.1,15.6,0
98,0,4,271.4,63,11.1,1
106,0,4,207.9,50,14.4,0
129,0,1,150,46,12.5,0
56,0,3,150.9,40,11.7,0
93,0,3,267.9,65,11.3,1
59,0,0,189.7,43,7.4,0
116,0,0,288,71,13.4,1
163,0,1,223,58,8.8,0
91,0,3,129.9,40.1,11.2,0
98,0,2,136.1,40.9,10.1,0
102,1,0,214.7,102.6,14.3,0
11,1,1,209.8,71.9,7,0
161,0,1,151.6,45,4,0
97,0,0,217.6,67.9,4.2,0
133,0,2,277.3,67,12.8,1
84,0,1,146.8,40,9.9,0
127,1,3,2.6,47.8,9.2,0
99,0,1,62.9,31,8.5,0
33,1,1,161.9,64,8.5,0
129,1,1,205,80.6,11.7,0
117,0,1,134.7,39,7.7,0
79,0,2,213.6,57,8.8,0
130,0,4,271.8,70.3,8.7,1
86,0,3,124.1,39,6.7,0
21,0,1,244.7,59,6.6,0
148,0,1,185.2,50.5,9.5,0
71,0,3,185,55.2,14.9,0
21,0,5,92.6,30,11.3,1
96,0,3,197.7,55,10.5,0
138,1,0,190.1,90.3,14.2,0
149,0,2,175.4,47,9.7,0
76,0,1,171.1,51,16.2,0
163,0,4,178.7,52.5,10.6,0
77,0,5,62.4,26,5.7,1
85,0,0,259.8,67,5.4,0
91,0,0,133.7,40,5.9,0
154,1,1,64.9,66.4,14.6,0
122,0,1,35.1,22,12.7,0
125,1,1,201.3,52.6,5.4,0
134,0,0,296,70,12.3,1
81,0,0,227.4,59.5,11.9,0
94,0,4,243.2,54,7.2,0
75,1,2,121.5,74.5,11.3,0
147,0,3,248.6,55,8,0
159,1,0,184.1,93.6,16.9,0
162,0,1,220.6,51,10.5,0
88,0,2,172.8,46,12.8,0
64,1,2,182.1,74.6,10.6,0
65,0,4,129.1,44.9,12.7,1
99,1,2,216,82.1,9.3,1
77,0,5,239.2,54,10.3,0
73,0,3,198.3,58,14.8,0
124,0,0,194,54,11.9,0
47,1,1,141.3,60.1,7.8,0
116,0,5,133.3,47.3,11.3,1
86,1,0,197.9,75.3,10.1,0
134,0,0,141.7,42,8.8,0
94,1,3,92.7,53.7,9.9,0
156,0,1,150.5,43.2,3.5,0
174,1,4,167.8,85.2,14.5,1
140,0,3,129.6,45.8,9.4,0
69,0,2,227,64,8.9,0
136,1,0,90.4,68.4,13.1,0
103,0,1,180.2,39,8.4,0
78,0,0,140.7,44.4,11.7,0
112,0,2,266,66.8,14.2,1
193,0,1,170.9,41,11.6,0
137,0,4,230.2,62.5,10.7,0
103,0,0,198.5,38,12.4,0
113,0,3,215.9,58,4.9,0
87,0,2,238,55,10.6,0
42,0,2,180.7,46,12,0
102,0,4,234.8,57,10,0
106,0,3,212.9,53,6.3,0
100,0,0,278,66.2,8.3,1
128,0,1,216,50,12.7,0
104,0,2,113.6,36,10.5,0
119,1,0,217.2,79.5,11.3,0
101,1,0,209.2,75.7,9.5,0
37,0,2,106.6,31,9.6,0
100,1,1,218.7,83.7,12.1,0
74,0,0,136.7,43,9.8,0
22,0,2,181.8,48,9.3,0
141,0,1,83.2,34.2,10.7,0
79,0,1,152.2,41,5.3,0
33,0,2,182.5,51,7.5,0
97,0,2,239.8,60,8.7,0
123,0,3,150,34,11.1,0
120,0,2,252,56,9.6,0
115,0,2,178.7,54,16.4,0
141,0,0,185.1,52,9.1,0
127,1,1,154.8,66.3,9,0
49,0,1,119.3,41.1,11.1,0
122,0,0,232.5,57,11.9,0
129,0,0,139.5,49,13.1,0
68,0,3,131.6,39.1,10.2,0
124,0,1,188.5,48,6.1,0
49,0,2,119.4,44,12.4,0
143,1,1,186.6,82.3,11.6,0
63,0,2,142.5,42,7.5,0
123,0,3,260.9,59,13.3,0
146,1,1,202.5,76.1,7.8,0
93,0,1,152.1,46.9,12,0
91,1,3,204.6,64.8,6.6,0
169,0,2,142.5,44,10,0
82,0,0,135.4,46.1,17.5,0
132,0,0,214.6,58,13.9,0
119,0,1,94.2,39,7.3,0
167,0,1,166.4,49,9.9,0
99,1,0,126.8,69.7,8.4,0
66,0,1,87.6,40.4,9.2,0
24,1,1,164.9,64.1,6.7,0
131,1,1,135.9,68.4,9.4,0
21,1,3,132.7,74.8,12.9,0
84,0,1,159,42,12.3,0
136,1,2,174.6,68.8,8.8,0
162,0,4,70.7,26,9.1,1
43,0,0,230.2,58.6,9.2,0
79,1,2,50.6,37.3,4.2,0
123,0,5,242.2,61,8.2,1
97,0,3,211,52,4.7,0
127,0,2,218.6,52.7,9.2,0
69,0,3,183.4,52,9,0
80,0,1,161.1,45,10.6,0
109,1,5,230.5,90.6,10.6,0
70,1,1,125.9,66.8,10.3,0
120,0,3,180,50,4.7,0
90,0,0,145.6,44.2,10.5,0
97,1,0,168.4,71,8.5,0
102,1,3,125.3,51,6.3,0
130,0,5,216.2,68,16.9,1
155,0,1,184.6,52.4,7.8,0
66,0,2,170.5,51,10.5,0
8,1,1,242.9,69,4.8,0
112,1,1,286.6,103.8,10.3,0
125,0,0,168.6,44,10.9,0
95,0,0,160,46,9.1,0
148,1,1,241.7,86.5,11.3,0
150,0,4,136.6,42,12.2,1
74,0,0,177.4,51,12,0
112,0,1,243.4,57,12.8,0
123,0,1,159.1,48,6.5,0
179,0,0,116.1,37,11.6,0
146,0,0,189.3,46,7.4,0
118,0,2,160,43,9.9,0
92,0,0,264.3,59,9.3,0
151,1,1,214.7,72.2,8.6,0
105,1,3,274.7,93.2,10.8,0
86,1,2,261.2,97.3,12.7,0
89,0,1,213,52,9.1,1
6,0,1,183.6,54,10.2,0
48,0,3,149.2,40,8.3,0
110,0,3,185.1,46,6.3,0
109,0,1,264.7,71,9.5,1
59,1,1,211.9,77.8,8.8,0
111,0,2,191.3,47.5,6.4,0
174,1,1,221.8,89.5,12.4,0
189,1,1,155.2,84.6,15.4,0
60,0,2,98.2,33,9.3,0
97,0,0,236.9,57.8,7.3,1
72,0,2,139.9,46.1,12.7,0
100,0,2,235.8,58.1,7.3,0
106,0,3,204,49,13.3,1
120,1,0,153.5,75.8,11.4,0
85,0,1,126.1,45,9.8,0
161,0,1,297.9,71,8.9,1
56,0,2,91.1,34.2,11.9,0
44,0,0,202.6,49,8.3,0
126,1,0,278,92.5,8.7,0
113,0,1,272.1,70,8.5,1
127,0,2,180.9,51.6,7.4,0
166,0,1,181.4,55.1,11.6,0
92,0,1,212.4,58.9,9,0
13,0,1,146.4,38,11.3,0
122,0,0,230.9,60,11,1
72,1,4,96.6,60.7,6.2,1
56,0,2,164.3,48,11.8,0
131,0,2,196.1,50,5.2,0
91,0,1,109.8,35,11.1,0
101,1,1,123.7,59.8,8.8,1
107,0,1,157.1,41,12.1,0
90,0,1,125.4,45,11,0
89,0,1,326.3,70,7.5,1
148,1,2,244.9,93,15.2,0
33,1,0,186.8,94.5,15,0
169,0,3,57.1,27,6.5,0
65,0,2,158.8,44,9.8,0
3,1,2,67.4,63.8,11.4,0
143,0,0,209.1,45,14,0
62,0,0,172.4,49,11,0
124,1,1,161.2,69,8.9,0
89,0,1,125.6,40,5.4,0
129,0,1,192.9,52.9,10.9,0
37,0,0,206,51,8.4,0
81,0,2,198.4,53.3,10.4,0
159,1,1,113.9,63.9,11.8,0
160,0,1,216.8,56.7,5.6,0
101,0,4,253.2,67.7,9.7,0
61,1,0,288.7,90.2,8.6,0
111,1,2,96.8,67.2,13.4,0
102,0,2,186.8,47,9.7,0
54,0,1,286.6,68,11.5,1
133,0,2,216.2,56,3.1,0
109,0,1,175.6,51,10.2,0
64,0,1,206.2,55,13.6,0
72,1,1,186.7,105.6,16.5,0
63,0,1,128.7,43,12.8,0
59,0,0,179.4,51,14.7,0
64,0,3,216.9,55,11.4,0
64,0,2,194.2,48,5.5,0
70,0,3,232.1,65,0,0
83,1,0,95,61.2,11.2,0
79,0,0,177.9,45,15.2,0
3,0,1,161,51.6,7.7,0
87,1,0,262.8,85.1,7.8,0
157,1,1,194.3,73.2,7.1,0
109,0,2,193.6,49.6,13.1,0
3,0,3,185,49,14.1,0
166,1,2,128.2,69.8,8.8,0
42,1,0,163.8,64.9,8.1,0
117,0,1,102.8,36,10.1,0
93,0,0,146.3,44,11.5,0
34,1,2,151.5,75.9,10.7,0
66,0,1,146.4,42,7.8,0
50,1,1,214.3,90.6,10.6,0
49,0,2,237.8,61.6,15.6,1
102,0,1,271.1,64.3,10.3,0
133,0,2,176.8,46,6.5,0
48,0,2,210.8,52,16.4,0
13,0,2,143.1,45,7.1,0
99,0,3,146.7,49,8.9,0
73,0,1,194.8,52.3,10.8,0
5,0,3,199.2,50,13.3,0
143,0,1,202.8,51.7,4.6,0
123,0,0,105,40,14.9,0
120,0,2,198.8,54,9.9,0
137,0,2,141.1,39.9,8,0
110,0,1,227.7,54,11.7,0
166,0,0,274.3,52,10.9,0
137,0,1,215.9,50,12.1,0
125,0,2,126.7,35,14.4,0
127,0,0,107.9,35,0,0
135,0,1,201.8,58.2,10.3,0
82,1,2,207.2,82.7,9.5,0
7,1,1,221.4,81.2,10.8,0
91,0,2,123.8,49,7.3,0
182,0,2,279.1,63,9.5,1
108,0,0,198.5,57,9.4,1
134,0,2,7.8,16,12.9,0
52,0,1,215.9,56,5.2,0
65,0,1,111,38,4.4,0
122,0,4,157.1,45.9,8.5,1
120,0,1,131.7,37,10.7,0
92,0,2,184.7,54,12.3,1
75,0,4,211.3,45,9.7,1
124,0,3,178.3,51,10.9,0
171,0,1,231.2,56,12.3,0
98,1,6,168,64.6,8,1
89,0,1,137.9,40,11,0
107,0,0,133.8,39,8.9,0
81,0,2,145.6,50,9.2,0
103,1,1,138.8,67.9,11.8,0
81,0,1,175.5,53.1,10.2,0
131,0,1,197,54.1,11.6,0
147,0,0,225.2,54,9.9,1
64,1,3,228.6,84.3,9,0
123,0,2,140,37,12.5,0
104,0,1,183.6,44.7,12.7,0
110,0,0,148.4,42,6.9,0
63,0,1,207.6,55,13.3,0
59,1,0,127.4,55.6,9.1,0
148,0,2,216.2,53,10,0
116,1,3,162.3,83.6,11.7,1
48,0,1,240,53,7.1,0
92,1,1,242.2,79,8.9,0
88,0,1,181.5,50.1,10.5,0
112,1,0,183.2,79.2,9.7,0
85,1,4,89.8,61.1,9.3,1
111,1,1,193.1,75.7,12.1,0
185,0,1,139.6,46.9,10.8,0
99,0,1,54.8,25,7.5,0
77,1,5,143,84.3,15.3,1
53,0,1,164.1,46,11.4,0
88,0,4,235.1,62,7.2,1
96,1,3,183.3,77.1,10.4,0
112,1,4,225.2,92.1,11.5,0
45,0,1,96.1,38,9.7,0
80,0,0,206.3,49,12.4,0
44,0,0,204.6,56.5,10.7,0
68,0,2,222.1,55,9.4,0
60,0,3,125.1,46.5,11.2,0
91,0,2,134.7,48,6.6,0
105,0,1,206.2,57,9,0
111,0,1,294.7,76,10.8,1
185,1,0,157.3,74.9,9.6,0
55,0,1,245.5,59,9.1,0
116,1,1,232.9,81.9,10.7,0
68,1,1,195.5,84.5,13.5,1
119,1,0,147.2,59.8,7.7,1
71,0,3,197.9,50,6.7,0
84,1,1,153.9,73.6,12.8,0
161,0,0,105.4,37,7.8,0
58,0,4,210.1,57,14.4,0
126,0,0,175.4,39,10.6,0
116,0,2,229.3,55,8.8,0
88,0,5,131.5,38,7.9,1
75,0,2,147.5,42,16.4,0
98,0,1,165,46,12.5,1
114,0,2,187.8,46,10.1,0
97,0,1,146,43,13.3,0
68,0,1,159.5,48,11.4,0
52,0,2,217,50,11.8,0
178,0,1,275.4,63,13.6,0
72,0,2,137.6,36,9.6,0
75,0,3,166.7,41,10.1,0
11,0,2,143.4,49,9.7,0
139,1,2,96.2,66.8,12.9,0
76,1,1,214.6,75.9,8.1,0
88,0,1,113.7,34,10.8,0
22,0,1,160.4,46,12.5,0
126,0,1,190.9,46,13,0
116,1,1,175.5,66.6,6.9,0
63,1,1,142.3,52.8,6.6,0
98,1,2,110.3,64.7,11,0
112,0,0,170.5,46,11.2,0
102,0,3,224.2,59,12,0
82,0,0,329.8,74,10.6,1
142,1,0,239.8,91.7,9.5,0
127,1,1,235.6,81.8,7.7,0
195,1,0,231.7,91.7,12.1,0
50,0,2,99.6,47.4,13.7,1
93,0,0,114.3,39,10.9,0
82,0,3,207,55,9.1,0
116,0,1,197.9,48,12,0
110,1,1,192.3,61,6.3,0
131,0,0,153.4,47.6,10.4,0
166,0,1,220.7,56.9,12.4,0
76,0,0,198.3,53,12.5,0
158,0,0,220.9,62.1,6.4,0
64,1,1,118.4,56,8.5,0
130,0,1,162.8,56.5,7.2,0
72,0,2,179.9,46.8,9.8,0
128,0,3,247.3,61.6,14.7,0
86,0,0,176.3,52,6.2,0
153,1,0,218.5,74.4,9.4,0
141,1,1,308,94,7.4,0
134,0,1,183.8,42,6.1,0
111,0,4,132.6,42,12.7,1
57,1,0,213,78.7,9.5,0
110,0,1,192.6,51.4,9.4,0
64,1,1,291.1,89.3,7.5,0
110,0,2,159.5,45,16.7,0
182,1,1,128.1,65.3,11.6,0
94,1,0,233.2,93.5,16.1,0
44,0,1,62.3,34,10.8,0
85,0,4,183.4,46,9.9,0
101,0,0,257.3,60,13.5,0
165,0,0,209.4,59,12.8,0
36,0,0,117.1,40,9,0
88,1,1,93.4,67.4,10.9,0
107,1,2,219.4,82.7,11,0
137,0,1,155.5,40.3,9.1,0
93,0,1,131.4,42,11.1,1
117,1,0,221.3,63.9,4.4,0
86,0,1,150.5,36,9,0
146,0,1,206.3,48,6.1,0
148,0,2,148.2,39,8.6,0
148,0,1,86.3,36,11.3,0
63,0,4,278,70,13.1,1
124,0,1,193,41,15.3,0
147,0,2,209.4,47,11.3,0
67,1,1,104.9,62.9,9.6,0
53,0,2,184.8,50,18.4,0
80,0,2,220,56,12.1,0
165,0,1,150.5,43.3,10.3,0
80,0,1,113.2,36,9.5,0
124,0,0,167.4,51.1,10.3,0
80,0,2,149.8,53,10.9,0
55,1,2,105.3,58.2,8.6,0
123,0,1,194,54,12.1,0
81,0,1,261.4,63,8,1
197,0,0,233.9,59,9.5,0
59,0,0,159.5,43.9,10.2,0
123,1,3,212.3,75.8,6.6,0
154,1,0,224,80.9,9.6,0
96,1,3,248.8,82.8,10.3,0
72,0,0,166.5,51,13.3,0
124,0,2,150.3,48,12.5,0
100,1,1,215.9,90.3,11.6,0
78,0,3,139.2,40,11.8,0
160,0,0,174.3,48.1,8.3,0
91,1,1,169.8,64.4,10.9,0
78,0,0,193.1,48,10.2,0
142,0,1,232.1,54,9.9,0
94,0,3,108,39,10.4,0
69,0,3,143.6,39.7,10.8,0
100,0,2,188.5,45,15.2,0
81,1,0,210.4,81.2,9.7,0
114,1,1,129,78.3,11.6,0
224,0,3,111.4,36.1,5.5,0
22,0,0,207.7,54,9.6,0
67,1,0,174.7,80.2,13.4,0
119,0,1,176.8,53.9,7.5,0
99,0,2,190.4,46,11.2,0
115,0,3,132,40,0,0
104,0,4,160.4,53,12.6,0
125,0,0,224.9,51,8,0
169,0,2,179.2,46,9.9,0
150,0,1,146.3,45.6,13.1,0
77,0,1,169.4,45,2,0
101,1,2,114.1,69.1,13,0
78,0,0,225.1,56,14.6,0
113,0,0,125.2,39,8.3,0
154,1,2,192.3,71.3,9,0
122,1,4,270.8,96.9,11.8,0
117,0,5,118.4,45.9,13.6,1
166,0,0,47.7,31,13.2,1
90,1,1,150.1,64.7,5.8,0
146,0,1,133,45,11.2,0
87,0,3,124.3,36,7.5,0
107,0,1,260.5,53,9.8,0
131,1,0,69.1,45.6,9.1,0
119,0,2,109.2,32,9.8,0
96,0,1,106.6,46.6,14.9,0
72,1,2,138.1,68.1,8.2,0
120,1,0,244.3,97.6,10.6,0
112,0,1,261.4,58,11.6,0
98,0,1,158.4,53,2.1,0
58,0,0,234.8,50.9,9.9,0
101,1,0,200.1,92.9,15.5,0
103,1,1,153.5,75.6,10.6,0
105,0,2,119.3,37,10.9,0
125,0,1,106.1,32,8.1,0
80,1,4,166.4,77.9,10.7,0
105,0,3,150,54.1,10.3,0
102,0,0,158,45,10.1,0
74,0,2,124,44,11.7,0
132,0,0,81.1,35,10.3,0
146,0,7,149.3,42,7.9,1
133,1,5,239.9,81.1,6.7,0
166,0,3,199.6,53,7.2,0
120,0,2,98.2,36.6,9.3,0
167,0,4,131.6,41,11.1,1
92,0,2,176.3,41.1,9.6,0
108,1,3,130.1,73.7,13.6,1
160,0,3,97.5,40,13.2,0
77,0,1,221.8,52,13.2,0
80,0,2,203.7,56.4,7.6,0
112,0,4,193.3,56,9.1,0
120,0,1,252.1,63,13.8,0
134,0,6,204.7,50.5,11,0
96,1,1,145.8,68.7,9.9,0
151,0,0,198.7,54.6,12.4,0
112,1,2,113.7,60,10,0
116,1,2,118,66.9,11.8,0
64,0,3,213.5,54.1,14.1,0
116,1,5,193.4,84.8,11.4,0
43,0,0,135.8,37,12.6,0
87,0,1,185.8,52.3,6.6,0
95,0,2,203.4,49,13.7,0
121,1,1,126.3,68.6,10.6,0
150,1,1,174.4,74.7,11,0
106,0,3,213.9,50,12.2,0
66,1,0,141.7,70,8.5,0
176,1,1,283.2,81.4,7.2,0
57,1,1,201.2,90.9,11.8,0
143,0,2,172.3,49.2,13,0
83,0,3,178.8,45,8.6,0
21,0,1,223.2,57,12.4,0
164,1,1,238.8,96.6,13.2,0
125,0,1,203.4,46,11,0
84,0,2,159.5,49,7.2,0
108,1,0,215.9,95.9,15.5,0
80,1,0,184.2,73,10,0
123,0,2,236.2,64,10.1,1
39,0,1,187.2,42,13.2,0
122,1,2,230.1,82.6,6.9,0
94,0,1,170.1,53,8.7,0
141,0,1,151.5,47,10.8,0
151,0,3,235.9,47,5.8,0
85,0,2,165.4,45,9.6,0
125,0,1,126.7,40,13.3,0
135,0,1,246.8,58,12.6,0
92,0,3,154,55,5.6,1
150,0,1,169.2,48,12.6,0
131,0,3,122.3,34.4,13.7,1
85,1,1,207.9,92.5,13.5,0
74,0,2,157.1,45,7.6,0
107,1,1,114.3,57.3,7.5,0
129,0,4,143.7,50,11.4,0
135,0,5,263.8,67,8.4,1
98,0,1,12.5,24,7.7,0
124,0,3,234.4,56,10.4,0
11,1,3,190.6,68.2,6,0
106,0,1,274.4,64,6,0
36,0,1,178.6,49,10.9,0
24,0,1,241.9,54,6.6,0
80,0,0,105.8,22,13.1,0
134,0,1,178,47.1,11.7,0
108,0,2,291.6,71.7,14,1
129,1,1,192.8,92.3,16.4,0
117,1,1,198.1,67.4,6.8,0
100,0,2,159.9,43,11.6,1
97,1,1,283.1,80.5,6.1,0
114,1,0,154.4,73.8,10.3,0
89,0,0,105.9,35,12.7,0
133,0,0,201.7,49,6,0
93,0,3,190.7,51,8.1,0
119,0,2,190.4,52.8,10,0
127,0,3,96,34.6,9.7,0
106,0,1,169.4,46,10.7,0
141,0,0,146.5,40,8.2,0
106,0,1,220.7,61,8.7,0
76,0,1,143.7,40,5.8,0
117,0,2,158.7,43,7.7,0
151,0,0,218,49.9,12.4,1
51,0,2,180.5,43,10,0
146,0,2,169.5,49,9,0
78,0,1,130.8,42,10,0
68,0,2,207.6,57,10.9,0
80,0,1,197.6,48,6.4,0
62,0,3,186.8,50,8.8,0
121,0,1,179.4,43,11.2,0
90,0,1,175.9,55,13,0
38,0,0,149,30,13.9,0
59,0,1,204.3,56,12,0
120,0,2,184.5,50,10.2,0
57,1,0,176.8,69.4,8.3,0
144,0,2,139.6,35,15,0
161,0,1,173.4,48,11.5,0
105,1,0,156.1,75.7,14.7,1
152,0,1,206.3,60,10.6,0
30,0,3,145,46,7.1,0
131,0,1,166.5,47,9.9,0
125,0,4,143.2,32,8.8,1
91,0,0,159,52,10.1,0
140,0,4,120.3,41,7.7,1
92,0,2,91.7,33,9.2,0
137,0,2,205.9,55.7,14.5,0
120,0,2,202,51,7.4,1
119,1,1,161.3,66.8,6.6,0
105,0,1,232.6,64.3,10.5,0
136,1,3,187.7,78,10,0
86,1,1,167.6,71.9,12.2,0
69,0,0,196.1,54,11.9,0
91,1,3,232.4,89.2,12.3,0
46,0,1,156.4,43,11.8,0
116,1,1,182.8,79.7,11,0
107,0,3,212.1,53.7,7.7,0
123,0,1,209.4,58,9.8,0
68,0,2,172.7,44,11.7,0
109,0,1,222.2,57,10.9,0
64,1,0,127.2,57.9,8.1,0
100,1,3,125.2,75,12.6,0
148,0,1,203,49.5,14.6,0
201,0,1,212.7,58.4,7,0
102,0,2,156.5,44,9.9,0
80,1,1,159.3,74.1,11.9,0
73,0,1,122,33,5.8,0
167,0,0,207.6,47,14.1,0
82,0,1,143.9,43.7,11.1,0
130,0,0,124.3,45,3.5,0
112,0,1,115.8,41,13.1,0
73,0,2,254.8,56,15,0
100,0,4,113.3,37,11.7,1
23,1,1,156.6,66.4,9.4,0
50,0,0,154.7,52,11.1,0
147,0,1,212.8,57.3,10.2,0
91,0,0,190.5,50,13.8,0
118,0,0,205.2,55.3,7,0
121,0,1,181.5,50,8.5,0
162,0,3,177.1,40,6.5,0
100,0,4,210.9,67.3,9.4,0
74,0,1,125.8,40,14.1,1
76,0,1,273.3,72,12,1
105,0,1,251.6,58,5.4,0
99,0,1,159.7,41,8.4,0
57,0,2,272.7,66,10.5,1
84,1,2,106.5,53.4,5.7,0
67,0,6,260.4,65.4,10,0
107,0,2,167.3,43,6.7,0
95,1,3,247,81.4,10.5,0
119,0,5,159.1,47,8.8,1
115,1,2,145,80.3,14.2,0
135,0,0,154.4,44,11.8,0
43,0,0,179.3,55.5,8,0
68,0,3,231.1,56.4,9.6,0
59,1,1,225,79.6,9.1,0
93,0,1,271.1,69.4,8.4,1
122,0,0,144.2,43,9.5,0
201,1,1,192,93.8,15.1,0
77,0,2,144.9,38,12.3,0
107,0,0,206.9,61.5,10.7,0
47,1,2,165,59.8,7.7,0
120,1,0,239.4,83.8,7.7,0
83,0,0,259.7,60.4,10.2,0
112,1,1,221.6,79.5,11.3,0
155,1,1,211.7,78,11.1,0
74,1,0,234.4,100,13.7,0
75,1,4,210.3,92.4,13.1,0
84,0,2,190.2,52.6,9.8,0
129,0,1,54.7,32,11.1,0
80,0,1,160.6,48,10.7,0
90,0,1,140.2,43,7.1,0
69,0,1,135.4,44,10.6,0
130,0,1,207.1,53,12.4,0
142,1,1,224.4,74.8,8.8,0
163,1,2,215.1,82.5,12.4,0
95,0,6,128.6,41,6.3,1
108,0,0,178.3,50.4,14.6,0
105,0,3,212,57.7,8.9,0
82,0,0,300.3,69.1,11.7,1
85,0,1,176.4,50,11.5,0
21,0,0,225,60,10.7,0
46,0,1,164.2,45,8.1,0
148,0,2,153.6,49,9.8,0
89,0,0,206.9,50,10.9,0
98,0,3,72.8,29,10.5,0
109,0,2,209.1,55.5,7.8,0
92,0,1,265.6,61,8.6,0
34,0,0,151,37,9.9,0
106,0,2,114.4,30.1,0,0
80,0,2,127.8,41.5,15.9,0
128,1,0,179.3,73.2,8.6,0
43,0,3,27,22.8,10.7,0
126,1,3,114.3,70,12.6,0
121,1,0,245,81.3,7.5,0
108,1,2,169.8,69.7,9.5,0
86,0,2,126.3,36,9.8,0
137,0,2,206.4,46,8.8,0
105,0,2,156.5,39,12.2,0
129,0,0,334.3,74,10.4,1
116,0,0,129.4,36,13.3,0
93,0,0,312,65,10.5,1
131,1,1,177.1,61,5.2,0
130,0,1,154,44,12.9,0
89,0,3,111.2,30,12.6,0
94,0,1,245,57,9.7,0
109,0,2,218.9,67.2,11.3,0
137,0,0,237.3,56,14.2,1
127,1,2,129.7,68.9,12.2,0
183,1,2,86.5,62.5,8.7,0
108,0,1,138.6,39,9.8,0
138,0,3,171.4,41.8,17,0
106,0,0,158.6,46,9.1,0
142,0,2,84.8,27,14.2,0
58,0,2,238.9,57,11.8,0
101,0,5,232.7,56,11.5,0
144,1,1,219.9,84,10,0
136,0,2,142.3,41,6,0
24,1,3,236.3,76.4,7.2,0
101,0,0,193.7,52.8,11.6,0
45,0,1,78.6,30,7.4,1
176,0,2,250.9,58,9.6,0
136,0,1,259.4,62.1,10.7,1
55,1,2,189.3,76.8,12.5,0
75,0,0,305.1,68,8.5,1
58,0,3,131.9,37,14.7,0
110,0,3,100.1,39.4,11.1,0
177,0,2,232.8,55,12.5,0
136,0,2,92.4,35,12.9,0
140,0,0,194.8,48,13.9,0
79,0,1,144,39.4,13,0
146,0,4,138.4,38,3.9,1
105,0,1,273.9,71,10.9,1
130,0,1,115.6,36.3,12.6,0
62,0,1,159.9,44.9,5.6,0
149,0,3,242.5,63,10,1
91,0,3,231.8,53,11.6,0
92,1,3,155.4,64.6,8,0
52,0,1,204.4,58,11,0
105,1,2,236.5,72.9,8.1,0
102,0,3,242.2,61,6.2,0
105,0,3,115.5,45.4,13.3,0
177,0,1,189.5,48,14.2,0
116,0,2,167.8,41,7.3,0
42,0,0,155.4,41,9,0
60,0,2,203.2,57.7,15.1,0
121,1,2,110,48.3,6.4,0
107,1,1,160.3,62.1,5.6,0
151,0,0,178.7,56,9.8,0
62,0,2,189.5,42,10.8,0
68,0,2,143.6,36,15.5,0
118,1,1,118.1,75.6,16.9,0
200,0,1,128.2,34,11.2,0
103,0,3,171.7,42,6.8,0
86,0,3,194.2,50,9.3,0
68,0,3,222.8,54.1,11,0
102,0,2,123.1,37,12.6,0
134,0,2,177.2,53.5,8.9,0
119,1,1,132,69.3,11.6,0
94,0,1,174,51,7.9,0
94,0,1,235.6,59.8,8.6,0
168,1,2,97.4,64.8,11.4,0
45,0,1,211.3,50,13.3,0
37,0,2,233.7,58,12,0
31,1,1,210.5,89.1,11.5,0
171,0,0,189.8,50.5,10.3,0
112,0,1,170.4,49.8,11.6,0
72,0,0,207.8,52,13.1,0
163,0,0,247.7,69.5,9.6,1
172,0,0,172.5,51,5.9,0
151,0,1,134.5,36,15.4,0
129,0,1,267.4,63,5.9,0
71,0,3,290.4,71,10.1,1
108,0,1,187.4,49,12.6,0
148,0,1,202,59.9,10.9,0
101,0,1,190.7,51,8.8,0
105,0,1,193.7,52.3,10.8,0
166,0,0,136.1,39,11.3,0
64,1,0,94.4,40.2,4.5,0
125,0,0,298.4,77,12.2,1
90,0,2,179.2,49,9.2,0
65,0,1,187.9,46,7.5,0
163,1,1,160,72.1,10.4,0
75,1,3,225.5,79.4,9.4,0
69,0,3,228.2,62,10.7,0
185,1,2,154.1,71.8,12.9,0
70,0,3,214.8,48,9.4,0
84,0,0,191,60,6.5,0
115,0,0,210.6,51.6,11,0
51,0,0,153.6,46,14.1,1
116,1,2,221,75.3,9,0
56,0,1,121.6,35,8.9,0
70,0,0,148.4,48,8.9,0
112,1,0,60.6,60.9,13.3,0
97,1,1,202.3,59.1,6.7,0
87,0,1,168.2,48,12.9,0
98,0,1,171.7,46.6,7.8,0
80,0,3,51.5,23,9.5,0
87,1,1,171.2,74.2,10.8,0
48,1,1,198,77.5,7.6,0
157,0,1,196,52,7.9,0
46,0,2,257.4,66,13.4,1
111,0,4,222.2,52,11.9,0
101,0,1,93.8,29,10.7,0
122,1,1,216.4,93.3,12.7,0
38,0,2,137.8,48,14.1,0
106,1,3,88.5,65.1,8.2,0
142,0,1,145.4,43,10.9,0
143,0,1,110.1,36.9,9.2,0
134,0,1,242.4,55,11.8,0
124,0,1,160.9,40,12.9,0
113,1,4,149,71.7,9.5,0
17,0,1,161.5,46,8.6,0
54,0,1,272.6,68,9.5,1
147,0,1,205.3,50,7.8,0
98,0,1,187.2,53.1,5.1,0
121,1,0,211.9,80.4,9.4,0
62,1,0,137.3,66.5,10.2,0
194,0,0,193.3,48,11.8,0
158,0,1,202,49,10.4,0
162,0,1,49.2,21,12.1,0
155,0,0,163.1,53,11.2,0
87,0,0,134.2,37,10.7,0
71,0,0,104,35,14.6,0
117,0,1,184.8,53,9.6,0
76,0,1,241,64.4,9.9,1
99,0,3,256.4,62,7.9,1
130,1,0,141.9,67.5,8.7,0
119,0,1,133.4,41,11.1,0
113,0,2,187.6,50,8.7,0
95,0,0,58.2,28,10.4,0
35,0,2,179.2,55,5.8,0
83,1,3,155.9,76.4,13.1,0
152,1,1,214.6,66.3,7.9,0
97,1,3,141,55.2,4.9,0
170,1,4,199.5,75.4,10.9,1
92,0,1,157.7,53,13.8,0
127,1,0,203.8,77.7,7.3,0
163,0,1,191.3,49,12.8,0
83,1,2,191.3,101.5,17.6,0
79,1,1,236.7,95.4,12,0
93,0,0,173,46,10.4,0
73,0,0,240.3,58.1,11.9,0
166,0,0,173.9,54,15.3,0
60,0,1,179.3,49,13.5,1
54,1,3,206.9,71.8,9.2,0
107,1,1,248.6,85.4,12,0
121,0,0,170.4,59,11.2,1
149,1,5,126.9,59.8,8.8,1
105,0,1,227.4,62,13,0
109,0,1,175.4,52,9.8,0
127,0,0,245.2,61,13.9,1
94,0,1,177.1,47,5.9,0
33,0,0,164,41,6.4,0
28,0,0,187.8,54,10.6,0
105,0,4,162.3,46,11.1,0
95,1,0,220.2,65.1,4.1,1
101,0,0,206.6,55,14.6,0
107,1,0,204.2,75.4,8.3,0
77,0,3,185.9,50,11.3,0
115,0,1,345.3,76,11.8,1
112,0,1,81.6,37,8.6,0
41,0,1,143.6,38,8.6,0
89,0,1,303.9,74,5.3,1
53,0,9,228.6,51,10.1,1
36,0,3,235.1,57,7,0
84,0,1,216.1,54,9.8,0
96,1,1,150,63,8.5,0
106,0,1,191.4,50,8.2,0
86,0,1,171.8,55,9.7,0
114,0,0,191.5,48,0,0
80,0,0,194.8,51,12.8,0
116,1,1,200.4,80.4,8.3,0
78,0,0,208.9,57,12.8,0
64,1,1,201.3,80.2,12.3,0
62,0,2,172.8,47,9.1,0
102,0,1,103.1,41,11.2,0
87,1,1,151.4,39,0,0
66,1,2,254.9,78.6,5.4,0
67,0,0,201.4,43,7,0
124,0,0,253.5,54,14,0
117,0,2,149.9,48,13.3,0
114,1,2,174.5,82.2,12.3,0
126,0,3,256.5,61,7,0
78,0,2,193.4,45.3,9.3,0
113,0,4,215.5,56,6.6,0
123,0,3,206.9,55,8.3,0
97,0,0,143.7,50.8,10.9,0
150,1,2,139.6,76.8,8.8,0
121,1,1,215.5,83.9,9.6,0
89,0,1,179.7,57,7.6,0
184,1,0,200.3,83.5,10.2,0
160,0,1,166.4,56,10,0
92,0,2,181.4,47.7,10.9,0
87,0,3,223.2,53.2,14.5,0
155,0,1,190.3,58,8,0
95,0,3,194.6,53,3.8,0
150,0,4,178.9,45,13.8,1
74,0,0,187.7,49.4,9.1,0
45,0,2,112.8,38,9,0
69,0,2,167.5,50,11.4,0
24,0,0,243,59.3,15.3,1
137,0,1,104.7,42.1,8.9,0
87,1,1,221.6,83.1,11.5,0
114,1,1,309.9,108.3,14.2,0
127,0,0,261.7,60,3.3,0
61,0,2,45,21,9.8,0
132,1,2,113.2,62.2,7.1,0
46,0,1,122.2,38,9.7,0
189,1,3,256.7,87.8,11.4,0
97,0,1,256.4,67,11.1,1
101,0,1,231.3,59,7.2,0
161,0,4,332.9,84,5.4,1
142,0,4,232.5,57,10.4,0
118,1,2,91.5,69.3,12.7,0
134,0,1,208.3,60.5,12.6,0
81,0,1,145.4,36,5.2,0
67,1,0,161.7,70.8,9.2,0
155,1,0,195.9,75.2,8.6,0
116,0,3,137.4,34,12.4,0
68,0,1,232.4,56.4,10.5,0
123,0,0,204.4,49.4,10,0
76,0,0,173.2,41,5.4,0
55,1,1,207.7,72.7,7.3,0
35,0,1,260.8,67,5.8,0
99,0,4,198.2,52,8.7,0
125,0,1,137.1,42,8.6,0
110,0,2,271.1,67,9.8,1
95,1,1,129.5,76.1,11.9,0
93,1,1,225.7,86.8,14,1
88,1,1,219.5,100.5,16.1,0
113,0,1,155,55,13.5,0
48,1,2,152,90.4,15.7,1
136,0,3,199.6,52,11,1
71,1,2,141.4,53.1,5.6,0
96,0,2,98.2,43,7.6,0
53,0,0,168.8,48,10.9,0
79,0,1,41.9,26,11.4,0
122,1,2,166,69.8,7.7,0
120,1,2,221.9,79.4,7.2,0
172,1,1,274.9,86.8,8.8,0
87,0,0,204.8,49,9.5,0
212,0,1,126,34,7.6,0
23,0,2,321.6,77,11.3,1
83,0,0,195,52,11,0
132,0,1,163.2,45.2,6.2,0
90,0,3,145.5,44,10.9,0
94,0,2,220.8,51,10.5,0
104,1,2,182.1,86.2,13.4,0
82,0,0,130,38,8.3,0
33,0,1,190.6,47,13,0
180,0,3,224.9,60,6.7,1
125,0,2,191.6,51,9.2,0
134,1,2,247.2,78.5,6.1,1
51,0,1,181.5,48,10.3,0
90,0,1,221.8,56,8.4,0
101,0,3,209.6,56,7.6,0
87,1,2,125,69.5,10.2,0
89,0,2,141.1,46,10.8,0
64,0,1,219.6,64,9.7,0
27,0,1,227.4,60,7.8,0
82,0,0,199.3,51,7,0
119,0,3,138.3,38,13.5,0
130,0,0,127,41.8,6.1,0
91,0,5,154.4,41,11.7,1
140,0,3,173.2,47,11.2,0
72,0,0,109.1,29,8.3,0
77,1,2,209.7,71.2,7.1,0
130,1,2,152.9,74.2,10.8,0
97,0,0,215.3,58,12.1,0
75,0,1,166.3,42,6.1,0
73,0,1,286.4,64,10.7,1
170,1,0,178.1,86.1,13,0
81,1,1,161.6,70.9,12.2,0
88,0,1,153.5,51.1,8.5,0
115,0,3,268,61.3,17,0
79,0,3,222.3,51,8.9,0
84,0,1,217.1,57,9.4,0
117,1,2,205.7,70.5,8.7,0
113,1,5,157.8,64.5,8.7,1
63,1,0,214.9,76.1,8.2,0
35,1,2,181.2,59.5,5,0
67,0,2,171.7,39,11.9,0
78,0,1,168.3,53.1,12.5,0
101,1,2,238,86,10,0
73,0,1,182.3,48,18,0
71,1,1,175.7,90.1,14.1,0
74,0,0,221.1,48,10.6,0
56,0,1,177.7,49,10.5,0
179,0,1,170.7,46,13.3,0
76,1,3,160.1,67.7,9.5,0
113,0,1,204.3,54.1,9.2,0
161,1,1,218.5,66.7,7.3,0
157,1,3,192.6,68.4,6.8,0
114,0,2,169.2,42,4.6,0
100,0,1,107.2,26,9.7,0
108,0,0,169.6,52,9.3,0
79,0,1,220.9,54,12.2,0
52,0,0,251.4,60,11,1
131,1,4,292.9,104.3,13.8,1
115,0,2,195.9,53,13.2,0
127,1,1,143.2,70.3,11.6,0
94,0,0,181.3,47,6.7,0
79,0,2,134.7,40,11.8,0
47,1,2,163.5,67.1,7.8,0
138,1,1,183.9,92.5,15,0
20,0,2,186.8,54,12.3,0
103,0,2,129.3,40,12.9,0
72,0,4,217.8,54,10.4,0
94,0,1,207,50,2.6,0
51,1,1,236.8,93.2,11.2,0
98,1,3,179.9,81.6,12.8,0
97,1,1,133.2,71.7,11,0
99,1,2,87.7,53.7,7.3,0
49,0,0,213.8,59,15.6,0
80,0,1,197.5,54.4,11.3,0
121,1,3,198.4,56.7,5.8,1
192,1,2,156.2,71.7,9.9,0
82,1,1,146.5,57.1,4.1,0
107,0,1,103.4,34,14.4,0
115,0,2,122,40,10.8,1
80,0,2,209.9,53,8.8,0
73,0,0,203.3,47,8.5,0
37,0,2,199.5,52,8.1,0
32,0,1,157.9,43,12.8,0
125,0,0,206,52,13.2,0
115,0,1,206.2,51,11,0
96,1,0,108.6,72.2,13.4,0
25,0,2,242.6,63.3,14.4,0
190,1,1,116.7,59.7,9.9,0
34,0,1,128.8,40,14,0
132,1,0,201.9,85,13.7,0
73,0,1,187.3,53,15.1,0
116,0,2,217.3,58.3,11.3,0
110,0,3,151.8,38,11.2,0
128,0,2,147.7,50,6.9,0
87,0,3,184.5,46,13.7,0
111,0,0,197.1,53,9.3,0
94,0,3,271.2,64,11.5,1
116,1,3,155.7,65.1,8.2,0
171,1,3,223.2,81.5,10.2,0
101,1,0,160.1,75.2,10.8,0
99,0,4,197.2,47,9.9,0
88,0,1,192,44,7.5,0
45,0,1,155.7,52.7,11,0
125,1,1,120.5,67.5,10.2,0
50,1,3,252.9,82,8.5,0
125,1,1,260.8,104.9,17,1
126,0,1,228.7,54,11.8,0
1,1,1,208,73.9,8.1,0
70,0,0,177.4,53.1,10.9,0
138,1,0,19.5,37.3,7.9,0
95,0,4,228.9,61,10.1,1
22,1,1,199.1,64.3,4.2,0
156,0,1,277,70,8.3,0
109,1,0,217.2,75.1,9.3,0
132,1,2,200.3,88.8,12.9,0
66,0,1,201.3,48,7.5,0
81,1,4,167.9,69.8,9.2,1
77,1,0,103.2,70.1,11.9,1
122,1,1,163,86.3,11.6,0
143,1,1,141.4,60.8,7.7,0
90,0,0,109.9,38,10.9,0
94,0,0,139.4,39.5,7.7,0
48,0,2,300.4,63,7.2,0
60,0,1,221.1,53,7.4,0
37,1,1,149.7,68.8,9.2,0
155,1,2,243.9,89.2,13.4,0
97,0,0,225.1,63,8.8,1
79,1,1,167.9,74.6,9.1,0
116,0,2,89.5,31,14,0
57,0,0,221.1,58,9.5,0
103,1,0,149.9,72.1,11.5,1
110,0,1,135.1,41,11.7,0
114,0,5,147.1,39,9,1
103,1,4,110.5,74.5,13.9,1
39,1,1,141.7,76.4,12,0
137,0,3,110.5,38,10.5,0
136,0,0,102.1,37,9.8,0
30,0,1,54,25,10.2,0
116,0,3,245.9,63,8.9,0
104,1,4,280.2,102.9,13.3,0
99,1,3,244.1,79.8,7.7,0
162,0,2,217.6,64.3,10.4,1
126,1,1,129.3,62.9,9.6,0
87,0,1,156.8,45,7.6,0
108,0,3,201.1,49,11.6,0
54,0,2,247.5,64.1,10.2,1
56,0,1,253.2,63,4.4,0
15,0,2,135.2,36,8.4,0
141,1,1,322.4,97.1,6.7,1
110,0,3,188,40,15.3,0
127,0,2,221,55.3,6.8,0
28,0,2,180.8,56,14.1,0
45,1,1,196.8,76.8,7.7,0
98,1,0,278.3,82.2,9.7,0
161,0,2,322.3,75,7.8,1
129,0,1,137.8,45.3,10.2,1
146,1,3,154,64.1,8.2,0
88,0,2,148.2,54.9,6.4,0
13,0,4,193.2,50,9.7,0
119,0,3,230.4,59,7.6,0
113,0,5,122.2,32,10.3,1
30,0,2,162.3,49,9.1,0
51,0,1,259.9,60,15.3,0
151,0,2,118.9,44,13.2,0
113,1,2,205,75.5,10.2,0
57,0,0,158.1,37,11.8,0
124,0,1,312,69,12.8,1
16,0,0,229.6,57,10.8,1
78,0,0,149.7,41,9.7,0
107,0,2,194.4,55,11.2,0
36,0,3,202.4,57.9,10.2,0
91,1,1,175.3,68.1,5.6,0
75,0,3,224.7,55,11.3,0
105,0,2,140.6,40,6.8,0
186,0,1,137.8,40,8.7,0
105,1,1,141.2,69.8,11.4,0
98,1,2,64.6,26,0,0
184,0,2,151.7,43.1,13.1,0
121,1,1,116,65.4,12,0
97,0,3,218,53,6.4,0
140,0,2,235.5,62,11.5,0
122,0,0,145.6,49,12.2,0
134,0,2,164.9,39,10,0
113,0,1,215.6,54,13.5,0
73,0,0,214.2,54,5.9,0
109,0,2,170.7,50,11.4,0
113,0,3,245.3,64,10.7,1
159,0,5,198.8,53.9,16.5,0
193,1,1,124,72.2,12.3,0
127,0,1,182.3,46,9.3,0
144,0,1,278.5,68,11.6,1
70,0,1,230.3,46,13.2,0
165,1,3,167.4,69.7,9.5,0
133,0,0,254.7,65,8,1
140,0,1,149.8,40,8.1,0
150,1,0,209.9,67.8,6.6,0
178,1,2,175.4,74.4,10.5,0
82,0,0,101,31,13.3,0
60,0,1,183,49,11.1,0
126,1,4,244.9,87.2,9.7,0
144,1,0,105,39,3.7,0
50,0,1,301.7,68.1,10.5,0
104,0,1,118.5,38.4,12.1,0
151,0,0,170.2,45,4.3,0
106,0,3,208.3,50,15.9,0
120,1,0,128.1,85.1,15.6,0
101,0,1,220.3,54,10.6,0
39,0,0,93.3,33,6.5,0
60,0,2,289.8,71,11.7,1
122,1,7,253.7,87.8,9.2,0
88,0,3,144.3,40.6,7.8,0
103,0,0,263.4,60,10.3,0
73,0,2,241.7,56,11.1,0
137,0,1,109.8,39,11.9,0
192,0,4,221.6,62,12.7,0
147,1,5,254.2,100.3,13.8,0
61,1,2,252.4,86,10,0
57,0,0,169.6,49,11.2,0
146,0,1,115.6,38,10.7,0
18,0,1,273.6,57,8.2,0
70,0,2,208.7,59,8,0
107,0,2,273.5,63,11,0
44,0,2,228.1,66.3,9.9,1
110,0,2,241.2,56,8.5,0
85,0,0,209.8,53,11.3,0
135,1,2,197.1,95.4,14.6,0
34,0,2,293.7,76.9,11,1
108,0,1,215.6,54,3.6,0
73,0,1,214.3,60,10.8,0
114,1,0,222.8,89.1,13,0
54,0,3,236.3,54,11.2,0
90,0,1,200.9,49,8.9,0
76,0,0,179.2,53.5,12.4,0
12,0,2,216.7,47,9.8,0
81,0,4,166.2,47,13.2,0
107,0,1,86.8,24,13.2,0
73,0,0,254.7,51,10.6,0
107,0,3,134,38,7.3,0
19,1,1,156.6,76.5,11.3,0
126,1,0,58.9,68.7,12.1,0
209,0,0,153.7,43,10.7,0
86,0,2,70.7,31.7,0,0
121,0,1,213.2,50.2,7.5,0
122,1,1,147.8,75.8,14,0
48,0,2,190.4,60,8.3,0
106,0,2,210.6,57,12.4,1
94,0,1,181.5,48,6.6,0
47,1,2,112.8,75.6,13.2,0
138,0,1,230.1,59.8,13.2,0
63,0,0,185.3,51,11.7,0
67,1,1,129.6,81.2,14.5,0
149,0,4,119.2,35,12.2,1
92,1,1,172.3,83.9,11.8,0
69,0,2,194.2,56.9,9.7,0
86,1,1,221.6,87.3,9,0
145,0,0,241.7,53,13.1,0
172,0,1,211.7,53,6.5,0
91,0,1,217.9,57,10.6,0
92,1,0,141.6,69.5,10.2,0
45,0,2,159.8,38,10.6,0
46,0,1,139.4,47.2,13.6,0
69,1,2,194.9,85.6,13.2,0
105,0,0,226.9,55,11.6,1
118,0,0,223.4,57,6.3,0
53,1,2,131.2,76.6,12.8,0
107,1,0,60,49,11.1,0
109,0,3,180,54.1,7.8,0
85,0,3,116.2,40,10.1,0
135,0,1,194.8,54,11,0
82,1,3,232.6,65.7,4.7,0
94,1,1,170.1,80.6,12.8,0
153,1,0,235.6,101.6,15.4,0
172,0,3,215.7,50,7.1,0
111,0,5,123.1,40,12,1
68,0,3,148.8,47,12.1,0
139,0,1,236.6,55,11.1,1
68,1,1,160,59.5,6.1,0
72,0,0,198.4,53,13.1,0
76,0,1,165.7,53.1,10,0
51,0,1,183.1,45,7,0
116,0,3,173.5,48.3,16.2,0
96,0,1,173.9,54,9.1,0
78,0,1,236.8,63,9.5,1
67,0,1,176.2,51,10.6,0
86,0,0,83.5,33,12.6,0
40,0,3,170.7,45,8.2,0
118,0,1,187.4,50.2,12.2,0
87,1,2,240.8,67.2,7.1,0
9,1,2,88.5,62.1,11.5,0
121,0,2,86.1,37,9.1,0
84,1,2,193,66,7.4,0
105,0,0,228.4,52,7.7,0
57,0,3,189.3,51.1,11.2,0
104,1,1,189.1,78,11.1,0
112,0,2,335.5,76,12.7,1
184,0,2,213.8,50,5,0
89,1,1,174.4,78.9,11.8,0
115,0,1,200.2,55,8.8,0
101,0,4,158.4,43,13.5,1
81,1,0,130.1,69.8,11.4,0
123,0,3,211,56.5,9.8,0
56,0,1,210.4,54.3,15.5,0
147,1,3,157.5,73,11.1,1
39,0,2,154.1,44,9.8,0
89,0,1,82.3,29,7.2,0
75,1,3,163.6,76.4,13.1,0
141,1,0,116.9,77.2,12.3,0
91,1,0,93.5,58.7,9.9,0
131,1,3,249.6,82.5,7.6,0
95,0,0,197,50,16.1,0
51,0,2,51.8,32.1,10.4,0
115,0,2,184.1,60,7.5,0
71,0,0,238,65,11.8,1
29,0,2,196.8,48,12.7,0
139,1,0,157.6,85,13.7,0
185,1,1,189.8,67.3,7.5,0
96,0,5,260.4,57,11.5,0
51,0,0,214.8,50,10.2,0
54,0,3,134.3,37,14.7,0
46,0,3,196.7,51,11.2,0
117,0,2,181.5,49,14.7,0
128,1,0,222.1,88.7,13.6,1
150,0,3,126,45.6,10.2,0
92,0,2,196.5,52.5,10.8,0
114,1,3,141.3,69.4,9.4,0
181,0,2,229.9,54.6,14.2,0
74,0,1,203.8,53,9,0
99,0,2,128.3,41,14.3,0
79,0,3,261.7,63,6,1
134,1,0,80.3,75.8,16.6,0
148,1,2,209.2,90.6,16.5,0
109,0,2,222.5,53,9,0
147,0,0,157,36,7.1,0
101,1,0,121.1,64.3,10.1,0
138,0,2,87.6,40.8,9.8,0
106,0,1,187.1,56.6,11,0
78,0,2,152.9,48,5.3,0
48,1,3,230.9,74.5,7.6,0
138,0,4,46.5,24,9.6,1
104,0,3,264,57,10.6,0
111,1,1,127.1,61.2,7.1,0
169,0,3,266.7,61.5,13.8,1
56,1,1,121.7,71.3,12.7,0
114,0,1,84.7,38.9,14.5,0
98,0,5,227.1,52.8,4.7,1
24,0,2,149,37,8.6,1
130,0,0,212.8,55.4,10.6,1
123,0,1,163.1,49,9,0
68,0,0,226.7,56.3,10.2,0
136,1,3,203.9,79.4,10.5,0
136,0,3,101.7,35,9.4,0
36,1,0,149.4,55.1,6.7,0
68,1,3,125.7,83.3,14.2,1
35,1,1,241.7,79.4,9.4,0
3,1,2,118.1,71.1,11.9,0
95,0,1,183.4,56,8.2,0
34,0,2,124.8,46,10,0
113,0,1,209.4,66,7.4,1
106,0,1,133.7,39,10.7,1
36,1,2,281.4,90.3,9,0
143,1,1,239.2,86.7,9.5,0
132,1,2,175.7,69.2,8.6,0
124,0,3,251.5,61,11.1,0
107,0,2,194.5,49,12.7,0
49,1,3,214.4,78.6,8,0
82,0,1,125.7,40,12.9,0
115,0,3,226.4,63,12.3,1
68,0,5,162.1,41,11,1
69,1,1,155,54.9,5.9,0
84,1,3,165.3,68.5,7.6,0
52,0,3,148.3,41,8.3,0
100,1,0,224.7,90.5,9.8,0
73,0,0,213,53,13.5,0
149,0,1,207.3,56.7,8.6,0
179,1,4,220.1,85.3,10.1,0
141,1,1,148.6,64.3,10.1,0
61,1,0,254.4,85.4,10.5,0
88,0,1,181.9,46.7,7.5,0
195,0,0,63.2,30,5.1,0
107,1,1,281.1,90.2,11.2,0
110,1,2,202.6,69.3,9,0
74,1,4,249.4,87.7,9.9,0
40,0,0,242.5,64.8,9.6,0
92,1,2,152,77,10,0
68,0,1,158.8,45,10.3,0
38,1,0,197.2,65.5,3.9,0
98,0,4,161,44,12.1,0
97,0,4,120.8,35,11.9,1
36,0,1,253.4,61.5,8.4,0
185,1,2,151.1,84.3,13.8,0
132,0,1,117.6,39,8.8,0
61,0,1,267.1,61,17.3,1
128,0,2,268.1,56,14.4,0
119,0,1,231.5,63,7.4,0
16,0,1,153.2,46,10.7,0
114,1,1,125.2,71.8,12.9,0
149,0,1,69.1,24,6.3,0
93,1,2,138.1,56.4,6.8,0
41,0,2,237.8,60,10.2,0
25,0,3,119.3,40.4,10.5,0
41,0,3,202.9,50.1,9,0
97,0,1,209.2,36,11.8,0
95,0,2,142.5,40,8.2,0
141,1,4,185.4,68.6,8,0
81,0,1,154.5,45,13.7,0
112,0,1,174.5,52,11.3,0
87,0,1,110.9,33,6.2,0
143,0,1,133.4,42,10.2,0
99,0,1,191.2,47,14.1,0
137,0,1,127,50,7.5,0
102,0,0,174.5,50,8.5,0
67,1,1,175.2,82.6,13.2,0
18,0,3,197,53.7,8.7,0
94,0,0,85.9,34,15.6,0
58,1,2,224.1,90.1,11.5,0
157,0,0,180.4,48,8.4,0
134,0,0,244.1,63,7.2,0
57,0,0,85.9,32,10.1,0
86,0,2,148.2,53,6.2,0
107,1,1,161.6,82,13.7,0
1,1,0,183.1,73.7,8.4,0
157,1,1,219.2,95.5,15,0
144,0,4,61.6,20.1,8.2,1
130,0,2,211.2,56,6.3,0
103,1,2,185.4,88.2,14.5,0
88,0,3,183.5,46,8.3,0
137,0,1,97.5,37.6,0,0
101,0,1,0,20,7.2,0
135,1,0,173.1,86.4,14.6,1
60,0,1,145,43,14.6,0
93,1,7,152.3,79.5,11.3,0
147,0,2,124.4,51.6,10.4,0
93,0,4,164.5,48,9.9,0
105,0,6,106.4,39,5.3,1
114,0,2,155.3,41,12.6,0
111,0,4,229.4,58,10.4,0
131,0,1,175.1,45,7.3,0
86,1,0,119,65.7,9.5,0
124,0,0,178.4,51,12,0
180,0,1,143.3,44,10.1,0
107,1,1,134.2,63.1,8.2,0
67,1,2,186.2,91.8,12.9,0
131,1,1,170.8,84.3,12.7,0
79,1,2,103.7,78,14.8,0
84,0,0,169.5,43,10.6,0
53,1,0,146.8,71.4,7.2,0
83,0,0,337.4,77,15.8,1
108,0,2,115.1,41.8,13.8,1
118,0,2,189.3,53,10,0
49,0,2,266.3,63,14,1
120,0,1,158,44,10,0
55,0,0,132,47,13.5,0
111,0,3,255.9,61,12.3,0
58,1,1,240.4,81.2,11.2,0
118,1,3,294.9,91.5,9.8,0
99,0,2,140.7,42,12.4,0
37,1,0,264.7,92.1,10.4,0
95,1,0,262.2,87.6,10.6,0
127,0,4,143.2,40,6.2,1
75,1,1,248.9,87.2,11.2,0
75,1,3,117.5,49.3,4.2,0
111,0,2,142.3,37.6,12.8,0
82,0,4,200.3,52,7.1,0
124,0,1,131.8,47,11.3,0
75,0,1,190.5,48,13.1,0
95,0,0,174,55.3,9.7,0
124,0,3,158.6,45,10.2,0
122,0,4,140,44,9.7,1
77,1,1,149.4,63.3,10.1,0
141,1,2,206.9,83.1,9.3,0
53,0,3,205.1,51.2,10.7,0
58,0,4,174.4,53,0,0
23,0,6,190.2,47,15,0
61,1,3,128.2,68.6,11.7,0
134,0,2,258.8,56,10.9,0
117,0,1,184.5,63.9,8.7,0
138,0,0,196.2,49,15.2,1
117,1,0,216,87.9,11.8,0
142,0,2,187,47.5,7.4,0
121,0,0,144.8,44.1,13.3,1
197,0,3,154.8,43.4,10.6,0
37,0,3,134.9,48.2,14.7,0
104,0,2,144.5,40,17,0
119,1,0,173,80.9,12.2,0
31,0,1,97.5,40.9,7,0
78,0,1,87.7,34,10.8,0
76,0,1,204,54,9.6,0
86,0,0,216.3,63.5,4.5,0
100,1,0,177.1,65,7.4,0
79,0,3,156.9,41.1,11.3,0
130,1,1,257.2,97,12.6,0
108,0,2,73.8,25,10.9,0
74,0,3,148.5,38,9.9,0
103,0,1,255.9,56,12.1,1
140,0,1,162.6,48.6,8.2,0
161,0,2,107.5,41,12.6,0
146,1,2,180.7,73.3,10.1,0
43,0,1,199.9,59,11.3,0
140,0,1,160.5,48,11.3,0
75,1,1,198.2,88.5,11.3,0
74,0,1,172.1,48,11.6,0
81,0,1,250.6,59,7.8,0
179,0,0,219.2,50,6.1,0
95,0,3,156.6,52.4,12.3,0
89,0,3,115.4,40.5,15.9,0
95,0,0,69.4,29,8.9,0
15,0,2,121.1,39,16.1,0
95,0,2,167.6,44,13.4,0
133,0,0,245.8,65,11.2,0
127,1,0,82.2,41.8,5.1,0
201,0,1,225.9,64,11.2,1
148,0,0,124.4,37,11.3,0
68,1,3,82.5,52,4.8,0
108,1,2,276.6,92.5,9.8,0
84,1,4,207.5,73.3,7.5,0
126,0,1,239.7,65,11.4,1
165,0,1,156,51.3,9.3,0
73,1,0,194.4,80.1,11.5,0
107,1,3,198.9,86,12.6,0
77,0,4,175.5,50.1,17.8,0
108,0,0,199.3,53,15.2,0
159,0,1,169.8,46,11.6,0
122,0,1,168.3,37,8.4,0
132,0,0,195.1,46,6.7,0
90,0,1,246.4,56,7.6,0
57,1,2,236.5,87.9,12.2,0
112,0,2,185.4,48,10,0
61,1,0,143.5,76.5,11.3,0
159,0,2,275.8,63,7.4,1
99,0,1,95.4,34,5.6,0
115,0,1,245,63,13.7,1
101,1,1,144.1,78.2,14.5,0
158,0,2,172.4,52,0,0
144,1,2,251.6,92.9,12.2,0
111,0,0,224.9,55,10.3,0
41,1,1,207.3,62.9,5.9,0
33,0,2,251.9,60,8.4,0
50,0,1,131.7,41,11,0
89,0,3,89.5,31,12.3,0
103,0,1,158.7,44,10.5,0
123,0,3,206.9,56,7.7,0
88,0,2,152.9,41,12,0
116,0,0,201.8,54,16.5,0
67,1,1,230.6,81.4,9.4,0
139,0,5,134.4,41,10.2,1
133,0,4,221.1,52,8.4,0
148,0,1,218.7,51,8.2,0
156,0,1,123.7,30,13.1,0
10,0,2,186.1,48,11.4,0
105,1,2,88.1,56.2,9.7,0
113,0,5,61.2,19,13.7,1
111,0,0,249.8,64,11.6,1
75,0,1,226.1,56,10.3,0
112,0,0,208.7,54,8.5,0
27,0,1,72.7,31,9.9,0
104,0,3,109.1,38.4,10,0
132,0,1,191.9,54.1,12.6,0
205,0,2,49.9,25.2,10.1,0
100,0,6,70.8,31,9.5,1
63,1,1,190,75.9,12.2,0
29,0,1,195.6,44,14.2,0
61,0,2,197.7,47,7,0
196,0,1,133.1,44.6,10.3,0
91,0,2,147.2,40,13.3,0
27,0,2,201.2,54,8.4,0
132,1,3,226.2,82.4,10.5,1
116,0,0,160.7,40,8.2,0
150,0,4,189.3,51,9.2,0
87,0,1,186.9,48,4.2,0
156,0,3,174.3,46,12.9,0
132,0,3,240.1,57,8,0
86,1,3,253.1,93.1,11.9,0
127,0,2,220.2,54,11.7,0
112,0,3,189.4,53.6,7.1,0
132,1,1,154.6,72.6,9.1,0
88,1,2,190.6,79.5,9.8,0
121,0,1,177.2,41,8.4,0
