66,1,0,0,4,154,133,44,9.95,9.5,1
43,0,0,0,0,251.5,105,61,10.64,9.3,0
37,1,0,0,3,191.4,116,47,8.37,14,0
148,1,1,3.32,1,252.9,129,101.2,14.22,12.3,0
87,1,1,2.57,3,82.6,113,59.7,11.22,9.5,0
75,1,0,0.26,1,209.4,133,56.6,10.58,7.2,0
100,1,0,0,1,166,102,49,11.81,10.9,0
78,1,0,0,2,155,106,42,8.77,11.8,0
98,1,0,0,0,216.8,86,54,9.54,11,0
72,1,0,0.28,1,147,79,41.8,8.12,10.5,0
145,1,0,0,2,129.4,97,38,9.27,1.1,0
76,1,0,0,0,203.6,61,49,8.09,8.4,0
66,1,1,2.16,2,229.4,104,82.6,12.87,8,0
158,1,0,0,2,222.8,101,56,10.15,6.9,0
75,0,0,0,1,222.4,78,66,16.35,8.7,1
149,1,1,3.05,2,264.4,102,94.5,10.98,11.3,0
12,1,0,0,1,249.6,118,64,12.62,11.8,1
121,1,1,2.73,4,237.1,63,85.3,10.28,10.1,0
51,1,0,0,1,197.8,60,53,11.05,8.9,0
54,0,0,0,1,214.1,77,57,12.03,10.1,0
121,1,1,2.03,3,218.2,88,87.3,17.43,7.5,0
150,1,1,1.94,0,209.8,112,68.4,7.75,7.2,0
163,1,0,0,5,202.9,100,50,8.93,12.8,0
157,1,0,0,2,240.2,67,54,7.65,10.2,0
64,0,0,0.26,3,146.7,83,40.6,7.42,12.5,0
127,0,0,0,1,176.9,110,45,8.4,7.7,1
74,1,0,0,0,162.7,102,53,14.6,8.7,0
178,0,0,0,2,124.5,134,34,7.06,11.4,1
65,1,0,0.28,2,192,89,47.8,6.98,5.5,0
96,1,1,2.65,1,172.7,86,67.5,6.67,9.8,0
36,1,1,3.92,0,146.3,128,78.2,8.13,14.5,0
96,1,0,0,1,276.9,105,69,12.35,10.3,1
119,1,1,2.05,3,117.8,66,62.5,12.84,7.6,0
56,1,0,0,4,222.7,133,62,13.85,13.6,0
89,1,1,2.35,1,209.9,113,80.5,12.49,8.7,0
162,1,0,0,2,135.2,98,44,12.1,10.2,0
61,1,1,1.73,4,187.5,124,62.3,7.33,6.4,1
61,0,0,0,2,78.2,103,30,9.8,10.1,0
106,1,0,0,1,158.7,74,33,3.22,10.2,0
117,1,0,0,0,239.9,84,56,8.74,9.8,0
128,1,1,2.92,0,222.9,136,90.2,13.1,10.8,0
64,1,0,0,2,174.5,98,45,9.01,10.7,0
11,1,1,2.7,2,131.5,98,69,11.51,10,0
81,1,0,0,3,183.6,116,45,7.63,12.2,0
43,1,0,0,1,84.2,134,22,4.04,10.8,0
155,1,0,0,2,163,93,46,10.2,15.1,0
78,1,0,0,1,191.7,122,54,12.07,9.1,0
90,1,0,0,3,113.2,108,36,9.47,14.1,0
65,1,0,0,1,213.4,111,57,11.73,2.7,0
168,1,0,0.37,2,183.2,131,50.7,8.96,9.9,0
111,1,0,0,3,99.3,112,40,13.53,9,0
176,1,0,0.32,1,201.9,101,51.2,7.74,9,0
136,1,0,0,1,250.2,121,66,13.36,13,1
9,1,1,3.59,1,193.8,130,86.9,10.13,13.3,0
56,1,0,0,2,197,110,53,11.14,10.6,0
45,1,1,3.21,0,196.6,84,93.1,15.66,11.9,0
69,0,0,0,2,279.8,90,69,12.44,8.4,1
85,1,0,0,1,210.3,66,53,9.79,11.2,0
109,1,1,2.43,4,217.5,123,81.3,11.69,9,0
97,0,0,0,4,145,103,50,14.72,11,1
55,1,1,2.97,4,130.5,114,69.7,10.42,11,1
107,0,0,0.29,1,234.1,91,56.9,8.16,10,0
89,1,1,2.84,2,188,105,73.4,7.57,10.5,0
125,1,0,0.3,2,169.3,90,46,7.8,11.6,0
94,1,0,0,1,190.6,108,46,7.62,7.5,0
99,1,0,0,0,155.3,93,49,13.29,12.4,0
131,1,0,0,2,263.4,123,58,7.6,10.7,0
108,1,0,0,1,103,129,39,12.12,7.9,0
72,1,0,0,4,287.4,116,69,11.77,5,1
61,1,1,2.94,3,270.7,53,93.4,10.04,10.9,0
135,1,1,3.32,1,273.4,141,93.2,7.7,12.3,0
78,1,0,0,3,75,116,34,12.44,9.5,0
36,1,0,0.34,0,157.6,117,46.4,9.22,11.9,0
63,1,0,0,0,261.8,69,66,12.25,14.7,1
83,1,1,2.35,3,272.5,105,91.5,12.65,8.7,0
116,1,0,0.24,3,192.1,98,62.4,15.65,7.9,0
87,1,0,0,2,322.5,106,73,10.23,9.4,1
92,1,1,3.43,2,184,99,72.3,3.82,12.7,0
84,1,0,0.27,1,86,83,39.7,13.04,8.9,0
74,1,1,2.43,1,174.6,107,81.3,15.53,9,0
79,1,0,0.31,1,268.3,114,65.1,9.28,6.3,1
139,1,0,0,3,192.8,104,53,11.72,13,0
144,1,1,1.76,2,189.8,96,60.6,6.17,6.5,1
127,1,0,0.32,2,224.3,112,57.2,9.29,10,0
97,1,0,0.4,0,276.1,82,69,10.06,8.9,1
63,1,0,0.37,0,211.2,80,60.7,11.89,12.3,0
30,1,0,0,3,137.6,108,38,8.1,5.8,0
113,1,0,0.27,1,72.5,88,32.7,10.2,6.6,0
132,1,0,0,1,169.9,107,47,10.47,11.5,0
111,1,0,0,1,214.3,118,55,10.43,12,0
79,1,1,3.29,3,103.1,90,71.9,12.15,12.2,0
127,1,0,0,1,239.8,107,52,6.45,11.3,0
96,1,1,2.92,2,247.6,95,93.2,12.82,10.8,0
121,1,1,4.08,0,170.4,91,91.8,12.73,15.1,0
130,1,0,0,0,183,112,38,3.65,9.5,0
148,1,0,0,1,208.4,120,51,8.72,11.2,0
69,1,0,0.29,3,195.3,70,54.9,10.84,12.5,0
164,1,1,3.86,1,219.1,88,89.6,7.58,14.3,0
110,0,0,0,0,293.3,79,66,9.43,14.5,1
89,1,0,0.15,0,192.1,83,48.5,8.18,6.1,0
105,1,0,0,2,102.8,74,42,14.09,13.2,0
37,1,0,0,2,239.9,120,64,13.08,8.9,1
87,1,0,0.29,1,146.3,108,42.9,8.59,5.3,0
122,1,1,4.21,2,146.4,104,75.1,4.49,15.6,0
132,1,1,2.78,1,174.5,101,78.8,12.28,10.3,0
177,1,1,2.81,1,230.2,106,84.1,9.81,10.4,0
111,1,0,0.35,1,78.3,119,34.5,9.91,12.1,0
144,0,0,0,0,203.5,100,56,12.38,11.9,0
105,1,0,0.3,1,146.4,81,48,11.26,8.5,0
93,1,1,2.54,2,218.7,117,72.4,5.75,9.4,0
82,1,1,2.38,2,163.8,77,63.8,6.75,8.8,0
140,0,1,3.11,4,188.9,124,77.1,8.05,11.5,0
67,1,0,0.31,2,129,78,41.1,9.4,11.2,0
78,1,0,0,2,190.3,88,49,9.73,11.7,0
93,1,0,0,0,179.5,121,47,9.6,12,0
136,1,1,2.57,2,179.4,88,71.7,9.06,9.5,0
113,1,1,3.59,1,44.9,63,55.9,6.71,13.3,0
135,0,0,0,1,186,107,38,3.3,12.9,0
112,1,1,3.11,1,198.8,122,86.1,11.93,11.5,0
86,1,0,0.42,3,190.5,115,52.2,8.98,10.1,0
110,1,0,0.33,1,208,69,47.3,4.76,8,0
86,1,0,0,3,136.4,104,41,10.13,11.5,0
87,1,1,0,1,165.8,122,45,9.35,0,0
135,1,0,0,1,173.4,107,49,11.1,13.7,0
66,1,1,3.27,1,106.7,76,68.7,10.49,12.1,0
160,1,1,4.1,1,164.6,121,92,13.14,15.2,0
101,1,0,0.25,3,217.7,118,59.5,11.59,0,0
118,0,1,3,4,156.5,122,75,10.46,11.1,1
62,1,0,0,2,86.3,84,35,11.94,12.5,0
58,1,1,1.46,1,211.9,40,74.6,13.72,5.4,0
53,1,1,3.54,3,145.7,146,79.4,11.03,13.1,0
55,1,0,0,2,286.7,100,61,6.72,6.9,0
58,1,1,2.27,0,178.1,111,73.7,11.84,8.4,0
73,1,0,0,0,157.1,109,50,13.44,10,0
97,1,1,1.73,1,117.6,97,54.3,9.82,6.4,0
159,1,1,3.4,2,153.6,93,79,10.85,12.6,0
74,1,1,3.56,4,154.1,122,78.6,9.77,13.2,0
61,1,1,2.75,2,105,78,61.5,9.03,10.2,1
102,1,1,2.75,2,137.4,100,66.5,8.84,10.2,0
90,1,0,0,1,167.5,96,41,6.96,13,0
180,1,0,0,3,143.5,121,41,9.47,8.8,0
134,1,1,3.21,0,162,82,88.1,16.24,11.9,0
91,0,0,0,1,151.8,115,35,5.18,12.2,0
38,1,0,0,3,194.4,94,49,9.34,10.8,0
107,1,1,3.21,1,201.8,79,93.1,15.25,11.9,0
87,1,0,0,1,189.5,113,50,10.25,13.4,0
133,1,0,0,3,143.8,71,41,9.2,12.9,0
123,1,0,0.36,1,172.2,92,47.6,8.13,8.7,0
113,1,0,0,1,90.6,130,30,8.53,5.4,0
117,1,1,2.32,1,80.2,81,56.2,10.95,8.6,0
57,1,0,0.2,2,149.3,100,45,10.01,11.9,0
112,1,1,3,4,213,121,86,11.31,11.1,0
68,0,1,3.05,1,142,140,75.5,12.08,11.3,0
131,1,1,3.62,1,156.6,134,69.2,3.55,13.4,0
130,1,0,0.26,2,132.4,81,42.6,10.02,6,0
64,0,0,0,1,346.8,55,81,12.48,13.3,1
114,1,1,2.27,4,225.8,94,77.7,9.65,8.4,0
85,1,1,3.73,1,196.4,139,95.3,14.05,13.8,0
46,1,0,0.21,1,210.2,92,58.1,11.37,13.1,0
105,1,0,0,3,259.3,96,59,8.76,12,0
80,1,1,2.57,2,236.6,69,83.7,9.88,9.5,0
92,1,0,0,1,197,84,57,13.47,10.8,0
25,1,0,0,2,134.3,98,41,10.12,12.6,0
105,1,0,0.28,2,125.4,116,46.8,13.08,11.4,0
136,0,0,0,1,199.2,122,53,10.74,11.8,0
190,1,0,0.17,2,182.2,101,51.7,10.62,9.3,0
42,1,0,0,0,241.2,134,51,5.83,10.6,0
143,1,0,0,1,155.4,112,52,14.55,13.9,0
117,1,0,0,3,102.3,100,29,6.76,15.7,0
103,1,0,0,1,141.3,123,46,12.68,6.4,0
83,1,1,3.59,0,95.9,87,74.9,13.08,13.3,0
47,0,0,0,0,47.8,120,24,8.95,13.3,1
74,1,0,0,1,165.3,120,45,9.93,9.8,0
105,1,1,2.3,0,193.5,85,75,11.01,8.5,0
63,0,1,2.97,1,199,110,88.7,14.57,11,0
54,1,0,0,1,116.8,119,31,6.16,12,0
134,1,1,2.7,1,214.4,93,82,10.59,10,0
155,1,0,0,0,203.4,100,51,9.55,8.9,1
123,1,1,3.38,1,198.7,127,88.8,12.45,12.5,0
108,1,0,0,1,246.2,102,60,10.12,9.4,0
166,1,0,0.29,1,204.2,115,52.9,9,9.5,0
33,1,1,3.75,4,157.4,99,74.5,5.9,13.9,1
35,1,0,0.32,2,124.2,102,35.2,6.2,13.1,0
91,1,1,2.46,1,216.6,101,76.6,8.66,9.1,0
64,1,0,0.26,3,124.1,117,40.6,9.64,6.4,0
103,1,1,3.32,0,164.1,111,80.2,10.96,12.3,0
243,1,0,0,2,95.5,92,31,8.19,6.6,0
138,1,0,0.43,2,170.5,87,44.3,5.91,11.2,0
126,1,0,0,1,321.3,99,69,8.4,8,1
64,1,0,0.28,2,97.2,80,35.8,9.31,10.4,0
160,1,0,0,0,206.3,66,56,12.06,11.7,0
93,1,0,0,3,266,120,57,6.51,13.1,0
82,1,0,0,1,143.7,116,39,8.54,7.8,0
145,1,0,0.32,0,39.5,78,33.2,13.22,10,0
137,1,1,2.11,0,175.3,96,72.1,12.07,7.8,0
94,1,0,0,4,157.9,105,41,7.75,8,1
121,1,0,0,0,103.3,110,29,6.46,10.7,0
76,1,0,0,0,186.1,96,50,10.58,8,0
135,1,1,3.48,2,201.4,100,90.8,12.33,12.9,1
192,1,0,0.34,2,185,88,54.4,11.25,11.4,0
54,1,1,3.38,2,143.9,73,76.8,10.52,12.5,0
32,1,0,0,0,230.9,87,56,9.37,6.3,0
58,1,0,0,2,165.4,100,38,5.79,12.8,0
72,1,1,3.97,3,220,80,95.7,10.87,14.7,0
148,0,0,0.21,0,233.5,81,58.1,9.39,9.6,1
158,1,0,0,2,155.9,123,46,11.21,8.6,0
116,0,0,0.3,3,215.4,104,58,10.24,12.6,0
163,1,0,0,1,122.4,129,31,5.67,12.5,0
105,1,1,2.67,2,218.5,61,80.7,9.84,9.9,0
127,1,1,2.75,1,166,114,71.5,8.73,10.2,0
90,1,1,3,2,185.6,106,81,10.99,11.1,0
162,1,1,3.32,0,184.5,139,80.2,9.16,12.3,0
54,1,0,0,1,210.5,102,54,10.23,8.5,0
114,1,0,0,2,193,101,55,12.5,9.6,0
122,1,1,2.27,3,195.4,83,79.7,13.41,8.4,0
82,1,0,0,3,189.2,81,48,9.22,10.6,1
108,1,1,2.92,0,171.6,110,70.2,6.81,10.8,0
183,1,0,0,2,116.7,92,39,10.69,9.7,0
24,1,0,0,1,156.2,104,35,4.5,7.3,0
116,1,0,0.16,1,63.7,101,29.6,9.79,10,0
127,1,0,0.35,1,134.9,79,45.5,11.08,15,0
155,1,0,0,3,181.4,111,46,8.39,11.3,0
44,1,0,0,1,240.3,146,55,8.23,10.6,0
155,1,0,0,2,262.4,55,62,9.73,8.3,0
95,1,0,0,1,237.3,83,54,7.7,11.2,0
116,1,0,0.35,2,205,90,50.5,7.05,7.5,0
118,1,0,0,0,140.4,112,40,9.36,7.9,0
88,1,0,0,1,218.2,76,52,8.47,8,0
117,1,0,0,1,97.1,98,36,11.4,10.6,0
131,1,0,0,1,109.5,95,47,16.61,6.6,0
62,1,0,0,1,98.9,103,29,6.77,12.2,0
100,1,0,0.3,0,216.2,107,59,10.78,10.2,0
73,1,0,0,2,234.7,102,57,9.79,8.4,0
161,1,0,0.32,3,221.7,95,58.2,9.65,6.5,0
69,1,0,0,1,153.7,109,43,9.7,14.1,0
112,1,0,0,3,214.8,112,55,10.49,9.4,0
85,1,0,0.25,0,127.9,107,47.5,13.56,12.5,0
137,1,0,0,3,242.1,118,58,9.55,14.7,0
87,1,0,0.38,1,231.3,105,57.8,8.59,13,0
80,1,0,0,1,118.1,90,33,7.22,8.2,0
86,1,0,0,1,83.8,121,35,12.01,6.7,0
116,1,0,0,2,110.9,54,37,10.67,7.9,0
19,1,0,0,1,259.4,116,68,13.49,9.5,1
64,1,0,0.31,1,145.5,116,48.1,11.42,8.9,0
136,1,0,0,1,152.6,97,44,10.45,5,0
156,1,0,0.33,1,178.8,94,49.3,8.92,7.5,0
138,0,0,0,2,286.2,61,65,9.36,11,1
95,1,1,3.21,0,40.9,126,51.1,6.67,11.9,0
111,1,0,0,0,284.4,89,62,7.85,8.4,1
55,1,0,0,2,194.1,121,49,8.83,7,0
155,1,0,0.39,2,216.7,30,53.9,7.22,10.8,0
70,1,0,0.3,1,170.2,98,46,7.76,15,0
152,1,0,0,1,228.1,93,51,6.82,9,0
103,0,0,0.38,3,62.8,124,29.8,8.52,9.4,0
102,1,0,0,2,273.2,85,65,10.56,13.1,1
112,1,1,2.48,2,181.8,110,75.8,11.41,9.2,0
10,1,0,0,2,183,103,50,10.74,8.7,0
54,0,0,0.38,2,190.5,108,58.8,12.99,9.7,1
160,1,0,0.38,3,85.8,77,32.8,8.27,9.2,0
148,1,1,2.19,1,262.9,135,79.9,7.48,8.1,0
59,1,0,0.27,2,166.3,95,51.7,11.97,10,0
135,1,0,0,0,151.7,82,36,5.95,10.5,0
31,1,1,1.59,0,100.1,54,53.9,12.32,5.9,0
120,1,1,0,1,128.5,115,36,8.19,0,0
65,1,0,0,2,148.7,80,48,12.95,12.7,0
58,1,0,0,2,247.2,116,68,15.19,9.3,1
67,0,1,4.56,0,181.1,59,95.6,10.8,16.9,1
120,1,0,0,0,221.3,106,61,13.38,9.3,0
100,1,0,0,1,247.8,117,54,6.5,6.9,0
123,1,0,0,3,166.9,98,48,11.09,12.8,0
102,1,0,0,0,114.8,125,27,4.1,12,0
68,1,0,0.21,1,213.9,112,61.1,13.03,8.4,1
117,1,0,0,1,143.3,103,43,10.57,11.5,0
85,1,0,0,2,96.7,97,33,9.69,9.7,0
74,1,0,0.2,2,85.7,83,38,12.39,10.1,0
217,1,0,0.29,0,123.7,138,45.9,12.43,13.3,0
62,1,1,3,2,186.4,84,79,10.05,11.1,1
90,1,0,0,1,142.4,126,35,6.31,4.6,0
85,1,0,0,3,225,81,54,8.85,7.1,0
108,1,1,2.35,3,170.7,88,62.5,5.5,8.7,0
209,1,0,0,3,255.1,124,63,11.53,8.5,1
97,1,0,0,1,112.7,119,38,10.89,6.5,0
4,0,0,0,0,145.3,89,51,15.19,8.9,0
181,1,1,1.7,2,105.2,61,64,17.07,6.3,0
88,0,1,3.51,1,288.5,114,102.1,10.17,13,0
81,0,0,0,3,149.4,68,41,8.6,17.9,1
30,1,0,0,0,227.4,88,55,9.13,12.5,0
117,1,0,0.42,1,161.6,104,49.2,9.82,13.8,0
85,1,0,0,3,222.3,132,58,11.58,11,0
129,1,1,2.78,2,193,99,79.8,11.24,10.3,0
162,1,1,2.51,1,179.7,144,75.1,10.91,9.3,1
89,1,0,0,1,197.1,110,48,8.3,12.8,0
125,1,1,2.78,0,268.4,112,92.8,11.11,10.3,0
113,1,0,0,1,207.2,113,57,12.8,9.9,0
1,1,0,0,1,144.8,107,35,5.63,13.8,0
44,1,0,0.32,1,143.2,77,42.2,8.49,7.6,0
117,0,0,0,1,54.2,100,35,15.16,8.6,1
105,1,0,0,0,270.9,98,66,11.31,8.8,1
149,1,0,0,1,187.6,83,50,10.07,8.8,0
102,1,0,0,3,200.6,106,48,7.63,7.7,0
122,1,0,0,2,119.3,93,40,11.2,8.7,0
157,1,0,0,2,185.1,92,50,10.65,8.5,0
83,1,0,0,3,231.3,100,58,10.52,12.4,0
62,0,0,0,0,159.7,86,44,9.88,13.9,1
112,1,0,0,1,168.6,102,54,14.9,9.8,0
42,1,0,0,1,303.9,106,72,11.61,5.8,1
98,1,1,2.97,1,110.5,87,68.7,11.39,11,0
85,1,0,0.4,1,201.4,52,58,11.47,12,0
172,1,0,0,2,270,102,68,12.83,12,1
157,1,0,0.39,3,168.6,71,50.9,10.26,5.9,0
124,0,0,0,1,244.6,89,58,9.44,11.3,0
125,1,0,0.3,1,140.1,132,45,10.48,8,0
73,1,0,0.22,2,94.9,121,40.2,12.66,14.2,0
6,1,0,0,3,226.5,93,52,7.61,9.4,0
108,1,0,0,4,112,105,36,9.69,4.1,1
123,1,0,0,0,159.5,77,53,15.19,12,0
81,1,0,0,1,115.3,99,39,11.24,18,0
90,1,0,0,2,214.9,97,47,5.89,11.8,0
132,1,0,0,1,190.1,105,48,9.11,13,0
86,1,1,3.59,1,123,158,68.9,6.7,13.3,0
30,1,0,0,0,247.4,107,58,8.8,11.3,0
84,1,0,0,2,289.1,100,70,11.69,12.7,1
86,1,1,2.65,2,99.9,84,66.5,13.18,9.8,0
89,1,1,2.03,2,163.5,80,72.3,13.74,7.5,0
84,1,0,0,0,138.6,102,41,9.95,7.8,0
71,1,0,0,2,141.2,132,37,7.46,7,0
93,1,0,0,1,98.4,78,38,12.48,14.2,0
94,0,1,2.57,4,197.1,125,77.7,10.73,9.5,0
67,1,0,0.14,0,115.5,70,43.4,12.61,7.5,0
50,1,1,2.13,2,192.6,97,66.3,6.76,7.9,0
130,1,0,0.32,0,252,101,61.2,8.51,5.7,0
141,1,1,2.84,3,187.5,99,81.4,12.07,10.5,0
33,1,0,0,2,213.9,88,57,11.99,9.8,0
93,1,1,2.97,0,116.9,120,69.7,11.62,11,0
76,0,0,0,0,246.8,110,60,10.32,13.2,1
108,1,0,0,2,240.2,78,61,11.52,5.2,0
82,1,1,2.97,2,137.8,95,73.7,11.78,11,0
95,0,0,0,1,165.5,84,53,14.31,11.5,1
69,0,1,2.21,1,271.5,98,90.1,12.67,8.2,1
99,1,1,2.86,2,179.1,93,79.6,11.92,10.6,0
30,1,0,0,1,169.9,144,49,11.26,11.4,0
193,1,1,3.16,0,71.2,58,54.6,6.24,11.7,0
114,1,0,0.4,1,169.6,85,38,2.95,7.4,0
98,1,0,0.3,3,126.3,102,39,8.34,9.4,0
85,1,0,0,0,235.8,109,54,7.86,12,0
88,1,0,0,3,215.6,115,56,10.81,11.8,0
106,1,0,0.24,2,52.2,106,30.4,11.01,11.4,0
72,1,0,0,1,177.1,97,46,9.24,8,0
92,1,1,3.02,4,167.4,83,81.2,12.93,11.2,0
225,1,0,0.3,0,165.4,106,55,13.69,8.7,1
111,1,0,0,4,176.9,128,39,5.14,10.5,1
124,1,1,3.24,2,144.5,35,79.4,13.12,12,0
21,1,1,2.57,6,135.9,90,72.7,13.55,9.5,0
138,0,1,2.89,3,211.2,117,91.9,15.63,10.7,1
99,1,0,0,7,115.5,75,39,10.91,11.5,1
161,0,0,0,2,156.1,114,42,9.02,11.1,0
44,1,0,0,0,288.8,86,65,8.8,9.5,1
31,1,1,2.86,1,171.8,116,78.6,12.04,10.6,0
139,1,0,0,0,211.1,103,54,10.35,5.6,0
130,1,0,0,3,155.9,95,49,12.81,11.7,0
75,1,0,0,1,143.2,92,43,10.46,11.9,0
98,1,1,1.78,2,111.1,105,55.8,10.9,6.6,0
138,1,0,0,3,251,119,51,4.56,13.8,0
153,1,0,0,1,185.3,127,50,10.4,15.1,0
106,1,1,2.19,1,83.6,131,53.9,10.2,8.1,0
78,1,0,0.17,1,109.5,105,44.7,14.31,4.9,0
138,1,1,2.62,3,155.2,139,76.2,13.42,9.7,0
118,1,0,0,5,267.8,145,73,15.82,14.4,1
129,1,0,0,1,161.3,122,47,11.03,9.6,0
107,1,0,0,2,90.7,90,34,10.38,5.6,0
119,1,0,0,2,287.1,115,63,7.97,13.9,1
91,1,0,0,3,203.1,106,53,10.51,12,0
139,1,0,0,3,196,135,50,9.3,9.8,0
99,1,0,0.12,7,135.7,107,42.2,10.42,8.8,1
183,1,1,2.75,1,171.2,104,73.5,9.68,10.2,0
55,0,0,0,0,106.1,77,29,6.18,12.9,0
130,1,0,0,1,120.5,127,37,9.49,14.3,0
149,1,1,2.94,1,206.7,79,79.4,8.73,10.9,0
81,1,0,0,2,173.2,80,50,11.81,11.8,0
117,0,1,1,1,196,82,71,16.14,3.7,0
167,1,0,0,4,169.2,124,44,8.67,12.4,1
110,1,0,0.29,2,149.8,112,43.9,9,11.7,0
125,1,1,2.54,1,96.5,109,54.4,7.29,9.4,0
75,0,0,0.29,1,153.2,78,46.9,10.54,7.8,0
179,1,0,0.32,1,234.5,134,57.2,8.21,6.1,0
68,1,0,0,2,249.9,127,65,12.73,8.9,1
132,1,0,0,1,291.2,104,70,11.71,8.9,1
68,1,0,0,1,195.4,116,52,10.61,15.1,0
17,1,1,2.19,1,198.5,123,78.9,13.53,8.1,0
173,1,0,0,1,191.4,114,47,8.43,10.3,0
104,1,0,0,2,200.2,92,45,5.94,6,0
90,1,0,0.28,2,198.5,124,59.8,13.33,8,0
111,1,1,3.78,1,205.5,114,91.8,10.97,14,0
40,1,0,0,6,81.7,123,32,10.51,11.3,1
58,0,1,2.4,1,142.8,96,72,13.62,8.9,0
154,1,0,0,3,154.5,122,45,10.71,12,1
104,1,0,0.27,5,280.4,127,65.7,8.97,15.2,0
126,1,0,0,0,161.4,110,47,11.03,5.1,0
92,1,1,2.62,0,134,112,67.2,10.3,9.7,0
109,1,0,0,1,217,115,55,10.35,8.2,0
63,1,1,3.32,1,152.2,119,79.2,11.36,12.3,0
129,1,0,0,2,216,85,53,9.35,4.9,0
98,1,0,0,2,162.8,65,44,9.25,6,0
128,1,0,0,1,148.5,105,46,12.15,6.8,0
74,1,0,0,2,174.1,96,51,12.56,8.3,1
182,1,0,0.35,1,176.1,90,48.5,8.75,9.7,0
29,1,0,0,1,157.4,122,40,7.25,9.3,0
56,1,0,0,1,226,112,60,12.43,6.9,0
93,1,0,0.17,3,152.4,74,51.7,13.73,6.6,0
90,1,0,0,2,109.6,88,31,6.88,11,0
63,0,0,0,1,62.9,112,28,10.15,8.9,0
120,1,1,2.75,5,153.5,84,70.5,9.7,10.2,0
86,1,1,3.13,4,144.8,105,74.3,10.31,11.6,0
94,1,0,0,1,206.1,49,55,11.23,13,0
173,1,1,1.35,3,232.4,96,71.5,10.6,5,0
74,1,0,0.21,1,282.5,114,69.1,11,9.4,1
161,1,0,0,1,178.1,109,43,7.33,8.5,0
117,1,0,0,2,191.1,93,57,14.14,12,0
46,1,0,0,2,40.4,105,22,8.62,9,0
95,1,1,3.05,3,283.1,112,103.5,14.31,11.3,0
225,1,0,0,1,182.7,142,53,12.33,8.8,0
59,1,0,0.51,4,182.5,104,54.1,10.24,11.3,0
77,1,1,3.11,4,135.9,117,75.1,12.23,11.5,1
56,1,0,0,1,137.2,111,38,8.3,14.3,0
103,1,0,0.33,0,189.8,110,46.3,5.78,12.2,0
83,0,0,0.26,1,271.5,87,67.6,10.82,11.7,0
148,0,0,0,0,218.9,88,55,10.4,11.1,0
90,1,0,0.28,2,114.4,122,33.8,6.39,10.1,0
183,1,0,0.28,1,190,100,56.8,12.33,9.5,0
65,1,0,0,4,245.7,139,63,12.1,4.2,1
78,1,0,0,3,137.4,109,44,11.88,14,0
62,1,0,0,0,147.1,91,42,9.52,12.2,0
1,1,0,0,1,175.2,74,43,7.59,5.3,0
58,1,1,2.57,1,194.5,110,77.7,10.69,9.5,0
90,1,1,3.48,1,71.2,82,62.8,9.08,12.9,0
125,1,0,0,2,182.3,64,43,6.99,11.6,0
100,1,0,0.21,0,160.3,138,49.1,11.07,11.2,0
60,1,0,0,1,135.4,134,41,10.3,7.9,0
135,1,0,0.17,2,239.9,91,57.7,8.86,5.9,0
160,1,0,0.18,1,166.8,109,50.8,11.8,9.3,0
119,1,1,2.7,1,178.1,110,76,10.64,10,0
113,1,0,0,3,132.1,72,44,12.38,6.9,0
137,1,0,0,0,208.8,120,55,11.27,11.1,0
65,1,1,3.38,4,208.8,119,81.8,7.11,12.5,0
117,1,0,0.39,1,119,82,40.9,9.38,11.5,0
77,1,1,2.62,2,211.1,89,81.2,11.18,9.7,0
129,1,0,0,2,198.4,91,57,13.24,9.2,0
171,1,0,0.31,2,137.5,110,44.1,9.91,13.3,0
64,1,0,0,5,148.1,73,40,8.25,12.3,1
93,1,0,0,0,149.6,120,43,10.04,14.3,0
103,1,0,0,3,173.5,83,51,12.22,9.7,0
109,1,0,0.37,3,153.1,102,49.7,11.71,9.9,0
101,1,0,0.31,3,136.2,92,45.1,11.05,13.3,0
137,0,0,0,2,135.1,95,35,6.71,12.3,1
71,1,0,0.21,0,211.2,70,60.1,12.64,12.3,0
93,1,1,3.38,2,136.8,113,72.8,8.98,12.5,0
141,1,0,0.26,3,51.9,108,25.6,8.1,10.1,0
84,1,0,0,0,280,113,65,10.11,10.4,1
161,1,0,0,4,154.7,84,42,8.89,5.9,1
93,1,0,0.19,2,271.6,71,67.9,11.47,10.9,0
174,1,0,0.22,2,139.4,96,38.2,7.17,10,0
20,1,0,0.32,0,190,109,58.2,12.91,6.3,0
89,1,0,0.38,2,89.7,80,34.8,8.99,9.5,0
53,1,0,0,3,57.5,95,33,13.28,11.6,0
59,1,0,0,1,155.2,79,47,11.77,8.7,0
66,1,1,2.4,0,190.8,100,79,13.07,8.9,0
68,1,0,0,2,219.6,97,50,7.06,10.8,0
104,1,0,0,2,139.7,78,41,10.13,11.3,0
135,1,0,0.32,3,155.2,100,41.2,6.8,3.8,0
122,1,0,0.39,1,170.5,94,47.9,8.69,11.3,0
126,1,0,0,1,122.4,88,34,7.19,11.5,0
128,1,1,2.7,1,265.1,110,89,9.87,10,0
85,1,1,3.11,1,173.1,107,82.1,12.36,11.5,0
143,1,0,0,4,167.8,72,47,10.55,10.5,1
35,1,0,0,5,138.1,115,37,7.91,10.3,1
84,1,0,0,1,75.3,96,29,9,12.3,0
138,1,0,0,0,205.9,96,57,12.86,12.1,0
134,1,0,0,0,202.7,105,54,11.25,12.1,0
63,1,0,0.19,0,180.5,126,52.9,11.5,10.6,0
74,1,0,0.45,2,225.2,93,61.5,10.76,9.1,0
173,1,0,0,0,172.5,78,42,7.13,10.9,0
117,1,0,0,0,168.8,137,50,12.07,15.5,0
137,1,1,3.08,2,189.6,42,78.8,8.95,11.4,0
62,1,0,0,1,281,66,62,8.03,0,0
71,1,0,0,0,243.7,124,47,3,11.3,0
136,1,1,1.86,1,205.5,86,79.6,14.93,6.9,0
119,1,0,0.34,1,222.8,122,55.4,8.16,11.2,0
85,1,0,0,2,236.9,93,58,9.89,11.4,1
104,1,0,0.33,4,167.6,116,51.3,10.96,11.7,0
159,1,0,0,0,167.4,68,41,7.19,10.3,1
106,1,1,2.86,2,223.5,104,86.6,11.76,10.6,0
123,1,0,0,0,154.3,107,42,9.15,10.9,0
63,1,0,0.36,0,211.7,107,63.6,13.59,7.4,0
137,0,0,0.34,2,174,123,47.4,8.07,11.4,0
48,1,0,0,1,188.4,63,47,8.3,13.2,0
115,1,1,1.22,0,155.2,110,59.2,11.55,4.5,0
41,1,1,1.97,2,239.8,110,79.7,11.1,7.3,0
90,1,0,0,0,76.1,121,38,14.52,10.8,0
181,1,1,2.86,1,190.3,93,82.6,12.45,10.6,0
74,1,0,0.32,2,298.1,112,71.2,10.07,9.7,1
130,1,0,0,1,150.4,119,46,11.53,12.3,0
95,1,0,0,4,238.1,65,57,9.36,11.8,0
155,1,1,3.35,1,61.6,103,66.5,12.76,12.4,0
124,1,0,0,1,184.8,74,47,8.76,10.5,0
149,1,0,0,0,237.6,79,57,9.62,9.1,0
166,1,0,0.26,2,197.9,89,57.6,12.55,11.2,0
95,0,1,2.78,5,136.8,91,68.8,10.04,10.3,1
169,1,0,0,1,235.7,79,52,6.85,13.3,0
50,1,0,0,1,183.6,107,37,2.93,8.7,0
174,1,0,0.29,1,239.2,72,59.9,9.43,8.8,0
120,1,0,0,1,212.1,131,54,10.47,5.3,1
70,1,0,0.31,0,59.5,103,35.1,12.86,11.1,0
122,1,0,0,1,231.2,141,63,13.39,8.8,1
63,1,0,0,1,58.9,125,25,8.48,9.4,0
80,1,0,0,2,148.6,106,44,10.54,10,0
125,1,0,0.39,2,131.8,97,38.9,6.84,7.7,0
107,1,0,0.21,5,189.7,76,48.1,7.81,8.3,0
145,1,0,0,1,229.6,82,51,6.91,3.3,0
73,1,1,2.75,2,131.2,98,59.5,5.33,10.2,0
144,0,0,0.27,0,150,69,52.7,14.3,9.4,0
128,1,0,0,0,103.3,122,39,12.3,6.4,0
68,1,1,2.67,0,239.5,82,85.7,10.19,9.9,0
99,1,0,0.33,2,222.4,102,57.3,9.29,12,0
64,1,1,3.59,1,154.6,92,69.9,4.17,13.3,0
128,1,0,0,4,199.3,86,51,9.74,14.3,0
100,1,0,0,1,185,122,47,9.13,5.1,0
102,1,0,0,1,224.7,81,50,6.47,15.8,0
194,1,0,0,1,48.4,101,33,14.06,18.2,0
157,1,0,0,2,224.5,111,56,10.04,11.5,0
48,1,0,0,0,128.2,71,26,2.41,8.9,0
119,1,0,0,1,134.9,70,41,10.58,11.3,0
123,0,0,0,4,125.5,106,33,6.45,6.3,1
84,1,0,0,1,203.4,125,51,9.15,13.8,0
101,1,0,0,3,248.6,102,58,8.75,6.1,0
43,1,0,0,4,177.2,93,43,7.13,12.7,0
115,1,0,0,1,127.7,67,38,9.15,10.6,0
20,1,1,1.92,0,171.5,98,62.2,7.66,7.1,0
73,1,0,0,2,187.8,95,45,7.46,11,0
131,1,1,2.57,3,214.2,115,76.7,8.09,9.5,0
29,0,1,1.54,2,235,101,71.4,9.17,5.7,0
123,1,1,4.16,1,270.4,99,108.6,12.26,15.4,0
144,1,0,0,0,133.3,101,45,12.78,11.6,0
59,1,0,0,0,195,58,51,9.93,14.8,0
133,1,1,3.81,2,174,80,86.1,10.47,14.1,1
127,1,0,0,2,139.6,94,45,12.05,8.8,0
146,0,0,0,1,111.1,126,46,15.67,10.5,0
52,1,1,3.65,1,133.3,63,75.5,9.21,13.5,0
70,1,0,0,3,104.7,112,25,4.11,15.8,0
145,1,1,4.21,2,147.5,90,83.1,8.79,15.6,0
98,1,0,0,4,271.4,119,63,9.52,11.1,1
106,1,0,0,4,207.9,91,50,8.6,14.4,0
129,1,0,0,1,150,98,46,11.62,12.5,0
56,1,0,0,3,150.9,79,40,8.09,11.7,0
93,1,0,0,3,267.9,114,65,11.15,11.3,1
59,1,0,0,0,189.7,100,43,5.8,7.4,0
116,1,0,0,0,288,120,71,12.79,13.4,1
163,1,0,0,1,223,120,58,11.35,8.8,0
91,0,0,0.31,3,129.9,112,40.1,8.67,11.2,0
98,1,0,0.39,2,136.1,82,40.9,7.82,10.1,0
102,1,1,3.86,0,214.7,86,102.6,15.72,14.3,0
11,1,1,1.89,1,209.8,130,71.9,9.83,7,0
161,1,0,0,1,151.6,117,45,10.97,4,0
97,1,0,0.29,0,217.6,81,67.9,16.03,4.2,0
133,1,0,0,2,277.3,138,67,11.42,12.8,1
84,1,0,0,1,146.8,133,40,8.59,9.9,0
127,1,1,2.48,3,2.6,113,47.8,12.7,9.2,0
99,1,0,0,1,62.9,81,31,11.55,8.5,0
33,1,1,2.3,1,161.9,85,64,7.56,8.5,0
129,1,1,3.16,1,205,94,80.6,8.27,11.7,0
117,1,0,0,1,134.7,121,39,9,7.7,0
79,1,0,0,2,213.6,110,57,11.75,8.8,0
130,1,0,0.33,4,271.8,129,70.3,11.86,8.7,1
86,1,0,0,3,124.1,82,39,10.13,6.7,0
21,1,0,0.3,1,244.7,81,59,8.4,6.6,0
148,1,0,0.45,1,185.2,87,50.5,8.52,9.5,0
71,1,0,0.32,3,185,84,55.2,11.63,14.9,0
21,1,0,0,5,92.6,95,30,8.1,11.3,1
96,1,0,0,3,197.7,68,55,12.53,10.5,0
138,1,1,3.83,0,190.1,87,90.3,11.16,14.2,0
149,1,0,0,2,175.4,80,47,9.87,9.7,0
76,1,0,0,1,171.1,78,51,12.86,16.2,0
163,1,0,0.35,4,178.7,56,52.5,10.79,10.6,0
77,1,0,0,5,62.4,89,26,8.5,5.7,1
85,1,0,0.2,0,259.8,85,67,12.12,5.4,0
91,1,0,0,0,133.7,75,40,9.77,5.9,0
154,1,1,3.94,1,64.9,76,66.4,9.21,14.6,0
122,1,0,0,1,35.1,62,22,9.04,12.7,0
125,1,1,1.46,1,201.3,117,52.6,2.11,5.4,0
134,1,0,0,0,296,93,70,11.32,12.3,1
81,0,0,0.25,0,227.4,105,59.5,10.58,11.9,0
94,0,0,0,4,243.2,109,54,7.35,7.2,0
75,1,1,3.05,2,121.5,97,74.5,13.57,11.3,0
147,1,0,0,3,248.6,83,55,7.45,8,0
159,1,1,4.56,0,184.1,78,93.6,9.73,16.9,0
162,1,0,0,1,220.6,117,51,7.76,10.5,0
88,1,0,0,2,172.8,81,46,9.67,12.8,0
64,1,1,2.86,2,182.1,91,74.6,8.49,10.6,0
65,1,0,0.29,4,129.1,137,44.9,11.43,12.7,1
99,1,1,2.51,2,216,125,82.1,11.62,9.3,1
77,1,0,0,5,239.2,114,54,7.5,10.3,0
73,1,0,0,3,198.3,94,58,13.97,14.8,0
124,1,0,0,0,194,103,54,12.05,11.9,0
47,1,1,2.11,1,141.3,94,60.1,8.4,7.8,0
116,1,0,0.33,5,133.3,94,47.3,12.39,11.3,1
86,1,1,2.73,0,197.9,99,75.3,8.28,10.1,0
134,1,0,0,0,141.7,95,42,10.28,8.8,0
94,1,1,2.67,3,92.7,107,53.7,6.39,9.9,0
156,1,0,0.42,1,150.5,106,43.2,7.65,3.5,0
174,1,1,3.92,4,167.8,91,85.2,10.27,14.5,1
140,1,0,0.28,3,129.6,79,45.8,12.31,9.4,0
69,1,0,0.3,2,227,122,64,12.94,8.9,0
136,1,1,3.54,0,90.4,105,68.4,10.07,13.1,0
103,1,0,0,1,180.2,134,39,4.89,8.4,0
78,1,0,0.34,0,140.7,77,44.4,9.76,11.7,0
112,1,0,0.28,2,266,97,66.8,10.73,14.2,1
193,1,0,0,1,170.9,124,41,6.62,11.6,0
137,1,0,0.45,4,230.2,113,62.5,11.02,10.7,0
103,1,0,0,0,198.5,112,38,2.13,12.4,0
113,1,0,0,3,215.9,93,58,12.01,4.9,0
87,1,0,0,2,238,97,55,8.23,10.6,0
42,0,0,0,2,180.7,127,46,8.73,12,0
102,1,0,0,4,234.8,125,57,9.96,10,0
106,1,0,0,3,212.9,110,53,9.35,6.3,0
100,1,0,0.32,0,278,76,66.2,8.84,8.3,1
128,1,0,0,1,216,111,50,7.69,12.7,0
104,1,0,0.3,2,113.6,87,36,7.93,10.5,0
119,1,1,3.05,0,217.2,94,79.5,6.94,11.3,0
101,1,1,2.57,0,209.2,82,75.7,7.99,9.5,0
37,0,0,0,2,106.6,76,31,7.37,9.6,0
100,1,1,3.27,1,218.7,104,83.7,7.75,12.1,0
74,1,0,0,0,136.7,106,43,11.43,9.8,0
22,1,0,0,2,181.8,108,48,9.93,9.3,0
141,1,0,0.32,1,83.2,74,34.2,9.53,10.7,0
79,1,0,0,1,152.2,112,41,8.86,5.3,0
33,1,0,0,2,182.5,65,51,11.61,7.5,0
97,1,0,0,2,239.8,125,60,10.74,8.7,0
123,1,0,0,3,150,98,34,4.49,11.1,0
120,1,0,0,2,252,120,56,7.51,9.6,0
115,1,0,0,2,178.7,114,54,13.55,16.4,0
141,1,0,0,0,185.1,126,52,11.65,9.1,0
127,1,1,2.43,1,154.8,69,66.3,8.86,9,0
49,1,0,0.21,1,119.3,117,41.1,10.76,11.1,0
122,1,0,0,0,232.5,96,57,10.28,11.9,0
129,1,0,0,0,139.5,119,49,14.47,13.1,0
68,1,0,0.41,3,131.6,89,39.1,6.85,10.2,0
124,1,0,0,1,188.5,77,48,9.1,6.1,0
49,1,0,0,2,119.4,69,44,13.67,12.4,0
143,1,1,3.13,1,186.6,69,82.3,11.1,11.6,0
63,1,0,0,2,142.5,92,42,10.42,7.5,0
123,1,0,0,3,260.9,85,59,8.43,13.3,0
146,1,1,2.11,1,202.5,91,76.1,12.07,7.8,0
93,1,0,0.19,1,152.1,141,46.9,10.78,12,0
91,1,1,1.78,3,204.6,96,64.8,6.8,6.6,0
169,1,0,0,2,142.5,82,44,11.57,10,0
82,1,0,0.21,0,135.4,102,46.1,11.86,17.5,0
132,1,0,0,0,214.6,78,58,12.59,13.9,0
119,1,0,0,1,94.2,108,39,13.21,7.3,0
167,1,0,0,1,166.4,85,49,12.16,9.9,0
99,0,1,2.27,0,126.8,94,69.7,14.68,8.4,0
66,1,0,0.24,1,87.6,76,40.4,13.1,9.2,0
24,1,1,1.81,1,164.9,110,64.1,10.47,6.7,0
131,1,1,2.54,1,135.9,60,68.4,11.66,9.4,0
21,1,1,3.48,3,132.7,94,74.8,10.23,12.9,0
84,1,0,0,1,159,80,42,8.4,12.3,0
136,1,1,2.38,2,174.6,76,68.8,8.83,8.8,0
162,1,0,0,4,70.7,108,26,7.88,9.1,1
43,1,0,0.36,0,230.2,147,58.6,9.34,9.2,0
79,1,1,1.13,2,50.6,62,37.3,10.07,4.2,0
123,1,0,0,5,242.2,87,61,11.31,8.2,1
97,1,0,0,3,211,76,52,9.45,4.7,0
127,1,0,0.27,2,218.6,93,52.7,7.5,9.2,0
69,1,0,0,3,183.4,85,52,11.88,9,0
80,1,0,0,1,161.1,99,45,9.94,10.6,0
109,1,1,2.86,5,230.5,116,90.6,13.29,10.6,0
70,1,1,2.78,1,125.9,101,66.8,9.82,10.3,0
120,1,0,0,3,180,80,50,11.21,4.7,0
90,1,0,0.22,0,145.6,103,44.2,9.86,10.5,0
97,1,1,2.3,0,168.4,129,71,11.3,8.5,0
102,1,1,1.7,3,125.3,92,51,7.06,6.3,0
130,0,0,0,5,216.2,106,68,18.19,16.9,1
155,1,0,0.34,1,184.6,102,52.4,9.8,7.8,0
66,1,0,0,2,170.5,103,51,12.72,10.5,0
8,1,1,1.3,1,242.9,67,69,8.55,4.8,0
112,1,1,2.78,1,286.6,79,103.8,15.77,10.3,0
125,1,0,0,0,168.6,99,44,8.78,10.9,0
95,1,0,0,0,160,133,46,10.77,9.1,0
148,1,1,3.05,1,241.7,84,86.5,8.29,11.3,0
150,1,0,0,4,136.6,112,42,10.47,12.2,1
74,1,0,0,0,177.4,136,51,12.02,12,0
112,1,0,0,1,243.4,77,57,9.11,12.8,0
123,1,0,0,1,159.1,94,48,12.08,6.5,0
179,1,0,0,0,116.1,101,37,10.09,11.6,0
146,1,0,0,0,189.3,77,46,7.8,7.4,0
118,0,0,0,2,160,123,43,8.77,9.9,0
92,0,0,0,0,264.3,91,59,8.05,9.3,0
151,1,1,2.32,1,214.7,97,72.2,6.93,8.6,0
105,1,1,2.92,3,274.7,99,93.2,9.68,10.8,0
86,1,1,3.43,2,261.2,122,97.3,10.71,12.7,0
89,1,0,0,1,213,63,52,8.83,9.1,1
6,1,0,0,1,183.6,117,54,12.84,10.2,0
48,1,0,0,3,149.2,146,40,8.1,8.3,0
110,1,0,0,3,185.1,100,46,8.26,6.3,0
109,1,0,0,1,264.7,69,71,15.25,9.5,1
59,1,1,2.38,1,211.9,120,77.8,10.15,8.8,0
111,1,0,0.25,2,191.3,80,47.5,6.93,6.4,0
174,1,1,3.35,1,221.8,143,89.5,10.53,12.4,0
189,1,1,4.16,1,155.2,116,84.6,9.78,15.4,0
60,1,0,0,2,98.2,88,33,9.03,9.3,0
97,0,0,0.38,0,236.9,107,57.8,7.88,7.3,1
72,1,0,0.31,2,139.9,117,46.1,11.18,12.7,0
100,1,0,0.21,2,235.8,130,58.1,8.8,7.3,0
106,0,0,0,3,204,84,49,8.43,13.3,1
120,1,1,3.08,0,153.5,83,75.8,10.96,11.4,0
85,1,0,0,1,126.1,112,45,13.74,9.8,0
161,1,0,0,1,297.9,141,71,11.91,8.9,1
56,1,0,0.32,2,91.1,90,34.2,8.97,11.9,0
44,1,0,0,0,202.6,89,49,8.15,8.3,0
126,1,1,2.35,0,278,88,92.5,12.66,8.7,0
113,1,0,0,1,272.1,111,70,13.43,8.5,1
127,0,0,0.26,2,180.9,114,51.6,10.48,7.4,0
166,1,0,0.21,1,181.4,108,55.1,12.69,11.6,0
92,1,0,0.29,1,212.4,105,58.9,11.23,9,0
13,1,0,0,1,146.4,74,38,7.43,11.3,0
122,0,0,0,0,230.9,132,60,12.16,11,1
72,1,1,1.67,4,96.6,59,60.7,15.77,6.2,1
56,1,0,0,2,164.3,92,48,11.69,11.8,0
131,1,0,0,2,196.1,89,50,9.28,5.2,0
91,1,0,0,1,109.8,100,35,9.48,11.1,0
101,1,1,2.38,1,123.7,125,59.8,8.63,8.8,1
107,1,0,0,1,157.1,79,41,8.13,12.1,0
90,1,0,0,1,125.4,158,45,13.46,11,0
89,1,0,0,1,326.3,112,70,8.26,7.5,1
148,1,1,4.1,2,244.9,150,93,5.9,15.2,0
33,1,1,4.05,0,186.8,124,94.5,13.05,15,0
169,0,0,0,3,57.1,98,27,9.99,6.5,0
65,1,0,0,2,158.8,53,44,9.43,9.8,0
3,1,1,3.08,2,67.4,116,63.8,12.2,11.4,0
143,1,0,0,0,209.1,127,45,5.31,14,0
62,1,0,0,0,172.4,132,49,11.53,11,0
124,1,1,2.4,1,161.2,109,69,10.21,8.9,0
89,0,0,0,1,125.6,108,40,10.65,5.4,0
129,0,0,0.39,1,192.9,131,52.9,9.28,10.9,0
37,1,0,0,0,206,89,51,9.3,8.4,0
81,1,0,0.13,2,198.4,93,53.3,10.55,10.4,0
159,1,1,3.19,1,113.9,102,63.9,7.27,11.8,0
160,1,0,0.17,1,216.8,77,56.7,10.37,5.6,0
101,1,0,0.37,4,253.2,89,67.7,11.9,9.7,0
61,1,1,2.32,0,288.7,101,90.2,10.19,8.6,0
111,1,1,3.62,2,96.8,123,67.2,8.53,13.4,0
102,1,0,0,2,186.8,92,47,8.69,9.7,0
54,1,0,0,1,286.6,73,68,11.16,11.5,1
133,1,0,0,2,216.2,67,56,11.11,3.1,0
109,1,0,0,1,175.6,80,51,11.9,10.2,0
64,1,0,0,1,206.2,76,55,11.62,13.6,0
72,1,1,4.46,1,186.7,108,105.6,16.75,16.5,0
63,1,0,0,1,128.7,78,43,12.04,12.8,0
59,1,0,0,0,179.4,80,51,11.63,14.7,0
64,1,0,0,3,216.9,78,55,10.55,11.4,0
64,1,0,0,2,194.2,147,48,8.67,5.5,0
70,1,0,0,3,232.1,122,65,14.62,0,0
83,1,1,3.02,0,95,89,61.2,8.4,11.2,0
79,1,0,0,0,177.9,83,45,8.37,15.2,0
3,0,0,0.26,1,161,96,51.6,12.25,7.7,0
87,1,1,2.11,0,262.8,114,85.1,10.79,7.8,0
157,1,1,1.92,1,194.3,107,73.2,12.16,7.1,0
109,1,0,0.36,2,193.6,58,49.6,7.44,13.1,0
3,1,0,0,3,185,120,49,10.19,14.1,0
166,0,1,2.38,2,128.2,138,69.8,13.73,8.8,0
42,1,1,2.19,0,163.8,80,64.9,8.89,8.1,0
117,1,0,0,1,102.8,119,36,10.34,10.1,0
93,1,0,0,0,146.3,85,44,10.83,11.5,0
34,1,1,2.89,2,151.5,100,75.9,12.44,10.7,0
66,1,0,0,1,146.4,107,42,9.83,7.8,0
50,1,1,2.86,1,214.3,129,90.6,14.49,10.6,0
49,0,0,0.26,2,237.8,92,61.6,10.45,15.6,1
102,1,0,0.33,1,271.1,80,64.3,8.6,10.3,0
133,1,0,0,2,176.8,92,46,9.38,6.5,0
48,1,0,0,2,210.8,84,52,9.48,16.4,0
13,1,0,0,2,143.1,139,45,11.98,7.1,0
99,1,0,0,3,146.7,64,49,13.7,8.9,0
73,1,0,0.43,1,194.8,112,52.3,8.36,10.8,0
5,1,0,0,3,199.2,106,50,9.37,13.3,0
143,1,0,0.27,1,202.8,109,51.7,8.29,4.6,0
123,1,0,0,0,105,150,40,12.58,14.9,0
120,1,0,0,2,198.8,56,54,11.51,9.9,0
137,1,0,0.29,2,141.1,91,39.9,7.36,8,0
110,1,0,0,1,227.7,88,54,8.5,11.7,0
166,1,0,0,0,274.3,110,52,2.65,10.9,0
137,1,0,0,1,215.9,76,50,7.27,12.1,0
125,1,0,0,2,126.7,113,35,7.78,14.4,0
127,1,0,0,0,107.9,128,35,9.35,0,0
135,1,0,0.42,1,201.8,81,58.2,11.25,10.3,0
82,1,1,2.57,2,207.2,111,82.7,12.71,9.5,0
7,1,1,2.92,1,221.4,114,81.2,8.29,10.8,0
91,1,0,0,2,123.8,107,49,15.95,7.3,0
182,1,0,0,2,279.1,124,63,9.03,9.5,1
108,1,0,0,0,198.5,99,57,13.39,9.4,1
134,1,0,0,2,7.8,86,16,8.57,12.9,0
52,1,0,0,1,215.9,67,56,10.85,5.2,0
65,1,0,0,1,111,51,38,10.99,4.4,0
122,1,0,0.29,4,157.1,134,45.9,9.25,8.5,1
120,1,0,0,1,131.7,99,37,8.16,10.7,0
92,1,0,0,2,184.7,60,54,13.1,12.3,1
75,0,0,0,4,211.3,61,45,5.28,9.7,1
124,1,0,0,3,178.3,102,51,11.75,10.9,0
171,1,0,0,1,231.2,135,56,9.44,12.3,0
98,1,1,2.16,6,168,81,64.6,8.16,8,1
89,1,0,0,1,137.9,96,40,9.63,11,0
107,1,0,0,0,133.8,85,39,9.03,8.9,0
81,1,0,0,2,145.6,59,50,14.4,9.2,0
103,1,1,3.19,1,138.8,80,67.9,7.1,11.8,0
81,1,0,0.11,1,175.5,67,53.1,12.47,10.2,0
131,1,0,0.31,1,197,79,54.1,10.05,11.6,0
147,0,0,0,0,225.2,111,54,9.25,9.9,1
64,1,1,2.43,3,228.6,88,84.3,12.43,9,0
123,1,0,0,2,140,106,37,7.69,12.5,0
104,1,0,0.27,1,183.6,133,44.7,6.04,12.7,0
110,1,0,0,0,148.4,95,42,9.69,6.9,0
63,1,0,0,1,207.6,96,55,11.45,13.3,0
59,1,1,2.46,0,127.4,110,55.6,5.17,9.1,0
148,1,0,0,2,216.2,95,53,9.29,10,0
116,0,1,3.16,3,162.3,91,83.6,13.97,11.7,1
48,1,0,0,1,240,88,53,7.05,7.1,0
92,1,1,2.4,1,242.2,96,79,7.99,8.9,0
88,1,0,0.31,1,181.5,116,50.1,9.35,10.5,0
112,1,1,2.62,0,183.2,95,79.2,12.64,9.7,0
85,1,1,2.51,4,89.8,88,61.1,11.66,9.3,1
111,1,1,3.27,1,193.1,104,75.7,5.58,12.1,0
185,1,0,0.19,1,139.6,92,46.9,12.51,10.8,0
99,1,0,0,1,54.8,92,25,8.65,7.5,0
77,1,1,4.13,5,143,101,84.3,10.61,15.3,1
53,1,0,0,1,164.1,106,46,10.3,11.4,0
88,0,0,0,4,235.1,98,62,12.59,7.2,1
96,1,1,2.81,3,183.3,115,77.1,10.07,10.4,0
112,1,1,3.11,4,225.2,89,92.1,12.84,11.5,0
45,1,0,0,1,96.1,103,38,12.34,9.7,0
80,1,0,0,0,206.3,97,49,7.75,12.4,0
44,1,0,0.35,0,204.6,117,56.5,10.26,10.7,0
68,1,0,0,2,222.1,107,55,9.97,9.4,0
60,1,0,0.35,3,125.1,99,46.5,12.44,11.2,0
91,1,0,0,2,134.7,116,48,14.77,6.6,0
105,1,0,0,1,206.2,84,57,12.82,9,0
111,1,0,0,1,294.7,90,76,14.73,10.8,1
185,1,1,2.59,0,157.3,123,74.9,12.89,9.6,0
55,1,0,0,1,245.5,130,59,9.64,9.1,0
116,1,1,2.89,1,232.9,90,81.9,7.61,10.7,0
68,0,1,3.65,1,195.5,113,84.5,8.58,13.5,1
119,0,1,2.08,0,147.2,103,59.8,8.01,7.7,1
71,1,0,0,3,197.9,108,50,9.08,6.7,0
84,1,1,3.46,1,153.9,102,73.6,7.04,12.8,0
161,1,0,0,0,105.4,70,37,10.74,7.8,0
58,1,0,0,4,210.1,126,57,12.45,14.4,0
126,1,0,0,0,175.4,120,39,4.92,10.6,0
116,1,0,0,2,229.3,93,55,9.23,8.8,0
88,1,0,0,5,131.5,99,38,8.74,7.9,1
75,1,0,0,2,147.5,110,42,9.59,16.4,0
98,1,0,0,1,165,129,46,10.13,12.5,1
114,1,0,0,2,187.8,109,46,7.73,10.1,0
97,1,0,0,1,146,121,43,10.15,13.3,0
68,1,0,0,1,159.5,123,48,12.04,11.4,0
52,1,0,0,2,217,104,50,7.62,11.8,0
178,1,0,0,1,275.4,150,63,9.38,13.6,0
72,1,0,0,2,137.6,106,36,7.18,9.6,0
75,0,0,0,3,166.7,113,41,7.42,10.1,0
11,1,0,0,2,143.4,130,49,14.47,9.7,0
139,1,1,3.48,2,96.2,112,66.8,8.95,12.9,0
76,1,1,2.19,1,214.6,110,75.9,10.26,8.1,0
88,1,0,0,1,113.7,67,34,8.26,10.8,0
22,1,0,0,1,160.4,108,46,10.91,12.5,0
126,1,0,0,1,190.9,143,46,7.49,13,0
116,0,1,1.86,1,175.5,137,66.6,10.53,6.9,0
63,1,1,1.78,1,142.3,107,52.8,5.94,6.6,0
98,1,1,2.97,2,110.3,71,64.7,9.12,11,0
112,1,0,0,0,170.5,113,46,9.66,11.2,0
102,0,0,0,3,224.2,81,59,12.17,12,0
82,1,0,0,0,329.8,73,74,10.42,10.6,1
142,1,1,2.57,0,239.8,103,91.7,14.3,9.5,0
127,1,1,2.08,1,235.6,124,81.8,11.84,7.7,0
195,1,1,3.27,0,231.7,110,91.7,11.26,12.1,0
50,0,0,0.34,2,99.6,108,47.4,15.44,13.7,1
93,1,0,0,0,114.3,100,39,11.06,10.9,0
82,1,0,0,3,207,90,55,11.65,9.1,0
116,1,0,0,1,197.9,84,48,8.41,12,0
110,1,1,1.7,1,192.3,114,61,6.47,6.3,0
131,1,0,0.46,0,153.4,86,47.6,9.93,10.4,0
166,1,0,0.39,1,220.7,106,56.9,8.89,12.4,0
76,1,0,0,0,198.3,130,53,10.86,12.5,0
158,1,0,0.31,0,220.9,129,62.1,12.11,6.4,0
64,1,1,2.3,1,118.4,100,56,7.21,8.5,0
130,1,0,0.35,1,162.8,113,56.5,14.52,7.2,0
72,1,0,0.28,2,179.9,113,46.8,7.49,9.8,0
128,1,0,0.36,3,247.3,91,61.6,9.14,14.7,0
86,1,0,0,0,176.3,79,52,12.96,6.2,0
153,1,1,2.54,0,218.5,130,74.4,6.71,9.4,0
141,1,1,2,1,308,123,94,12.39,7.4,0
134,1,0,0,1,183.8,111,42,6.18,6.1,0
111,1,0,0,4,132.6,125,42,11.06,12.7,1
57,1,1,2.57,0,213,115,78.7,9.56,9.5,0
110,1,0,0.34,1,192.6,102,51.4,8.95,9.4,0
64,1,1,2.03,1,291.1,150,89.3,11.34,7.5,0
110,1,0,0,2,159.5,145,45,10.12,16.7,0
182,1,1,3.13,1,128.1,104,65.3,7.17,11.6,0
94,1,1,4.35,0,233.2,88,93.5,5.67,16.1,0
44,0,0,0,1,62.3,92,34,13.75,10.8,0
85,1,0,0,4,183.4,111,46,8.44,9.9,0
101,1,0,0,0,257.3,84,60,9.24,13.5,0
165,1,0,0,0,209.4,67,59,13.69,12.8,0
36,1,0,0,0,117.1,94,40,11.77,9,0
88,1,1,2.94,1,93.4,106,67.4,12.6,10.9,0
107,1,1,2.97,2,219.4,92,82.7,9.03,11,0
137,1,0,0.23,1,155.5,81,40.3,6.66,9.1,0
93,0,0,0,1,131.4,78,42,10.99,11.1,1
117,1,1,1.19,0,221.3,82,63.9,8.38,4.4,0
86,1,0,0,1,150.5,92,36,6.02,9,0
146,1,0,0,1,206.3,151,48,7.43,6.1,0
148,0,0,0,2,148.2,138,39,7.98,8.6,0
148,1,0,0,1,86.3,134,36,12.33,11.3,0
63,1,0,0,4,278,102,70,13.32,13.1,1
124,1,0,0,1,193,97,41,4.49,15.3,0
147,1,0,0,2,209.4,104,47,6.63,11.3,0
67,1,1,2.59,1,104.9,65,62.9,10.82,9.6,0
53,1,0,0,2,184.8,98,50,10.82,18.4,0
80,1,0,0,2,220,114,56,10.39,12.1,0
165,1,0,0.13,1,150.5,75,43.3,9.66,10.3,0
80,1,0,0,1,113.2,86,36,9.28,9.5,0
124,1,0,0.21,0,167.4,119,51.1,11.66,10.3,0
80,1,0,0.4,2,149.8,123,53,13.82,10.9,0
55,1,1,2.32,2,105.3,82,58.2,9.87,8.6,0
123,1,0,0,1,194,118,54,12.1,12.1,0
81,1,0,0,1,261.4,141,63,10.79,8,1
197,1,0,0,0,233.9,96,59,10.95,9.5,0
59,1,0,0.19,0,159.5,96,43.9,8.36,10.2,0
123,1,1,1.78,3,212.3,77,75.8,12.58,6.6,0
154,1,1,2.59,0,224,102,80.9,9.6,9.6,0
96,1,1,2.78,3,248.8,124,82.8,7.02,10.3,0
72,1,0,0,0,166.5,102,51,13.05,13.3,0
124,1,0,0,2,150.3,101,48,12.8,12.5,0
100,1,1,3.13,1,215.9,90,90.3,12.9,11.6,0
78,1,0,0,3,139.2,140,40,9.57,11.8,0
160,1,0,0.31,0,174.3,105,48.1,8.57,8.3,0
91,1,1,2.94,1,169.8,105,64.4,3.26,10.9,0
78,1,0,0,0,193.1,85,48,8.61,10.2,0
142,1,0,0,1,232.1,102,54,8.41,9.9,0
94,1,0,0,3,108,79,39,12.1,10.4,0
69,1,0,0.27,3,143.6,88,39.7,7.09,10.8,0
100,1,0,0,2,188.5,152,45,7.42,15.2,0
81,1,1,2.62,0,210.4,100,81.2,11.28,9.7,0
114,1,1,3.13,1,129,77,78.3,14.5,11.6,0
224,1,0,0.21,3,111.4,133,36.1,8.75,5.5,0
22,1,0,0,0,207.7,116,54,10.53,9.6,0
67,1,1,3.62,0,174.7,86,80.2,8.03,13.4,0
119,1,0,0.39,1,176.8,90,53.9,11.24,7.5,0
99,1,0,0,2,190.4,102,46,7.91,11.2,0
115,1,0,0,3,132,90,40,9.88,0,0
104,0,0,0,4,160.4,73,53,14.7,12.6,0
125,1,0,0,0,224.9,102,51,7.19,8,0
169,1,0,0,2,179.2,111,46,8.76,9.9,0
150,1,0,0.26,1,146.3,133,45.6,10.14,13.1,0
77,1,0,0,1,169.4,102,45,9.25,2,0
101,1,1,3.51,2,114.1,95,69.1,8.08,13,0
78,1,0,0,0,225.1,67,56,9.96,14.6,0
113,0,0,0,0,125.2,93,39,10.32,8.3,0
154,1,1,2.43,2,192.3,82,71.3,8.27,9,0
122,1,1,3.19,4,270.8,96,96.9,11.02,11.8,0
117,1,0,0.39,5,118.4,126,45.9,12.47,13.6,1
166,0,0,0,0,47.7,89,31,13.22,13.2,1
90,1,1,1.57,1,150.1,109,64.7,13.24,5.8,0
146,0,0,0,1,133,65,45,13.14,11.2,0
87,1,0,0,3,124.3,91,36,8.67,7.5,0
107,1,0,0,1,260.5,108,53,5.12,9.8,0
131,1,1,2.46,0,69.1,122,45.6,5.07,9.1,0
119,1,0,0,2,109.2,96,32,7.66,9.8,0
96,1,0,0.36,1,106.6,128,46.6,14.24,14.9,0
72,1,1,2.21,2,138.1,113,68.1,13.01,8.2,0
120,1,1,2.86,0,244.3,140,97.6,16.12,10.6,0
112,1,0,0,1,261.4,108,58,7.73,11.6,0
98,0,0,0,1,158.4,71,53,15.33,2.1,0
58,1,0,0.19,0,234.8,89,50.9,5.34,9.9,0
101,1,1,4.19,0,200.1,108,92.9,9.45,15.5,0
103,1,1,2.86,1,153.5,78,75.6,12.1,10.6,0
105,1,0,0,2,119.3,82,37,9.26,10.9,0
125,1,0,0,1,106.1,95,32,7.88,8.1,0
80,1,1,2.89,4,166.4,92,77.9,11.92,10.7,0
105,0,0,0.31,3,150,106,54.1,14.69,10.3,0
102,1,0,0,0,158,94,45,10.4,10.1,0
74,1,0,0,2,124,102,44,13.11,11.7,0
132,1,0,0,0,81.1,86,35,12.26,10.3,0
146,1,0,0,7,149.3,83,42,9.36,7.9,1
133,1,1,1.81,5,239.9,107,81.1,12.69,6.7,0
166,1,0,0,3,199.6,93,53,10.72,7.2,0
120,1,0,0.36,2,98.2,99,36.6,9.34,9.3,0
167,1,0,0,4,131.6,120,41,10.57,11.1,1
92,1,0,0.31,2,176.3,85,41.1,4.67,9.6,0
108,0,1,3.67,3,130.1,90,73.7,8.35,13.6,1
160,1,0,0,3,97.5,113,40,13.41,13.2,0
77,1,0,0,1,221.8,84,52,8.3,13.2,0
80,1,0,0.24,2,203.7,92,56.4,10.82,7.6,0
112,1,0,0,4,193.3,96,56,13.21,9.1,0
120,1,0,0,1,252.1,110,63,11.31,13.8,0
134,1,0,0.35,6,204.7,108,50.5,7.16,11,0
96,1,1,2.67,1,145.8,108,68.7,9.61,9.9,0
151,0,0,0.26,0,198.7,70,54.6,10.48,12.4,0
112,1,1,2.7,2,113.7,117,60,7.88,10,0
116,1,1,3.19,2,118,103,66.9,8.36,11.8,0
64,1,0,0.31,3,213.5,93,54.1,8.33,14.1,0
116,1,1,3.08,5,193.4,112,84.8,12.03,11.4,0
43,1,0,0,0,135.8,125,37,8.16,12.6,0
87,1,0,0.43,1,185.8,119,52.3,9.62,6.6,0
95,1,0,0,2,203.4,96,49,8.43,13.7,0
121,1,1,2.86,1,126.3,84,68.6,10.48,10.6,0
150,1,1,2.97,1,174.4,75,74.7,8.5,11,0
106,1,0,0,3,213.9,95,50,7.6,12.2,0
66,1,1,2.3,0,141.7,87,70,13.42,8.5,0
176,1,1,1.94,1,283.2,130,81.4,8.13,7.2,0
57,1,1,3.19,1,201.2,76,90.9,14.01,11.8,0
143,1,0,0.42,2,172.3,97,49.2,8.7,13,0
83,1,0,0,3,178.8,102,45,8.4,8.6,0
21,1,0,0,1,223.2,142,57,10.83,12.4,0
164,1,1,3.56,1,238.8,100,96.6,11.5,13.2,0
125,1,0,0,1,203.4,110,46,6.44,11,0
84,1,0,0,2,159.5,125,49,12.36,7.2,0
108,1,1,4.19,0,215.9,106,95.9,10.03,15.5,0
80,0,1,2.7,0,184.2,132,73,8.38,10,0
123,1,0,0,2,236.2,135,64,13.7,10.1,1
39,1,0,0,1,187.2,110,42,5.74,13.2,0
122,1,1,1.86,2,230.1,108,82.6,14.38,6.9,0
94,0,0,0,1,170.1,113,53,13.59,8.7,0
141,1,0,0,1,151.5,104,47,12.11,10.8,0
151,1,0,0,3,235.9,104,47,4.03,5.8,0
85,0,0,0,2,165.4,107,45,9.8,9.6,0
125,1,0,0,1,126.7,108,40,10.3,13.3,0
135,1,0,0,1,246.8,129,58,9.39,12.6,0
92,1,0,0,3,154,122,55,16.49,5.6,1
150,1,0,0,1,169.2,123,48,10.84,12.6,0
131,0,0,0.34,3,122.3,83,34.4,5.94,13.7,1
85,1,1,3.65,1,207.9,95,92.5,11.68,13.5,0
74,1,0,0,2,157.1,95,45,10.66,7.6,0
107,1,1,2.03,1,114.3,132,57.3,9.99,7.5,0
129,1,0,0,4,143.7,114,50,14.89,11.4,0
135,1,0,0,5,263.8,66,67,12.57,8.4,1
98,0,0,0,1,12.5,67,24,12.83,7.7,0
124,1,0,0,3,234.4,61,56,8.97,10.4,0
11,1,1,1.62,3,190.6,86,68.2,11.01,6,0
106,1,0,0,1,274.4,120,64,9.93,6,0
36,1,0,0,1,178.6,83,49,10.66,10.9,0
24,1,0,0,1,241.9,104,54,7.26,6.6,0
80,1,0,0,0,105.8,110,22,2.2,13.1,0
134,1,0,0.31,1,178,110,47.1,7.69,11.7,0
108,1,0,0.27,2,291.6,99,71.7,11.06,14,1
129,1,1,4.43,1,192.8,103,92.3,8.85,16.4,0
117,1,1,1.84,1,198.1,86,67.4,8.85,6.8,0
100,0,0,0,2,159.9,94,43,9,11.6,1
97,1,1,1.65,1,283.1,93,80.5,9.27,6.1,0
114,1,1,2.78,0,154.4,109,73.8,11.07,10.3,0
89,1,0,0,0,105.9,151,35,9.48,12.7,0
133,1,0,0,0,201.7,85,49,8.47,6,0
93,1,0,0,3,190.7,114,51,10.91,8.1,0
119,1,0,0.18,2,190.4,74,52.8,10.78,10,0
127,1,0,0.26,3,96,117,34.6,8.85,9.7,0
106,1,0,0,1,169.4,107,46,9.86,10.7,0
141,1,0,0,0,146.5,121,40,8.5,8.2,0
106,1,0,0,1,220.7,120,61,13.51,8.7,0
76,1,0,0,1,143.7,55,40,8.66,5.8,0
117,1,0,0,2,158.7,84,43,9.09,7.7,0
151,0,0,0.29,0,218,57,49.9,5.72,12.4,1
51,1,0,0,2,180.5,88,43,6.74,10,0
146,1,0,0,2,169.5,93,49,11.55,9,0
78,1,0,0,1,130.8,64,42,11.19,10,0
68,1,0,0,2,207.6,68,57,12.58,10.9,0
80,1,0,0,1,197.6,83,48,8.23,6.4,0
62,1,0,0,3,186.8,94,50,10.38,8.8,0
121,1,0,0,1,179.4,70,43,7.15,11.2,0
90,1,0,0,1,175.9,111,55,14.26,13,0
38,1,0,0,0,149,92,30,2.46,13.9,0
59,1,0,0,1,204.3,65,56,12.37,12,0
120,1,0,0,2,184.5,103,50,10.45,10.2,0
57,1,1,2.24,0,176.8,94,69.4,9.75,8.3,0
144,1,0,0,2,139.6,96,35,6.21,15,0
161,1,0,0,1,173.4,100,48,10.69,11.5,0
105,0,1,3.97,0,156.1,89,75.7,5.36,14.7,1
152,1,0,0,1,206.3,98,60,14.64,10.6,0
30,1,0,0,3,145,76,46,12.04,7.1,0
131,1,0,0,1,166.5,129,47,10.51,9.9,0
125,1,0,0,4,143.2,80,32,4.41,8.8,1
91,1,0,0.3,0,159,109,52,12.76,10.1,0
140,1,0,0,4,120.3,108,41,12.02,7.7,1
92,1,0,0,2,91.7,90,33,9.69,9.2,0
137,1,0,0.27,2,205.9,88,55.7,10.47,14.5,0
120,0,0,0,2,202,123,51,9.22,7.4,1
119,1,1,1.78,1,161.3,97,66.8,12.52,6.6,0
105,1,0,0.23,1,232.6,96,64.3,12.67,10.5,0
136,1,1,2.7,3,187.7,84,78,11.05,10,0
86,1,1,3.29,1,167.6,139,71.9,5.65,12.2,0
69,1,0,0,0,196.1,87,54,11.84,11.9,0
91,1,1,3.32,3,232.4,97,89.2,9.3,12.3,0
46,1,0,0,1,156.4,105,43,9.28,11.8,0
116,1,1,2.97,1,182.8,122,79.7,10.64,11,0
107,1,0,0.47,3,212.1,95,53.7,7.51,7.7,0
123,1,0,0.2,1,209.4,49,58,11.87,9.8,0
68,1,0,0.2,2,172.7,95,44,6.96,11.7,0
109,1,0,0,1,222.2,113,57,10.93,10.9,0
64,0,1,2.19,0,127.2,93,57.9,8.15,8.1,0
100,1,1,3.4,3,125.2,123,75,11.55,12.6,0
148,1,0,0.15,1,203,92,49.5,7.55,14.6,0
201,1,0,0.24,1,212.7,72,58.4,11.26,7,0
102,1,0,0,2,156.5,67,44,10.22,9.9,0
80,0,1,3.21,1,159.3,110,74.1,8.53,11.9,0
73,1,0,0,1,122,92,33,6.92,5.8,0
167,1,0,0,0,207.6,88,47,6.62,14.1,0
82,1,0,0.17,1,143.9,61,43.7,9.75,11.1,0
130,1,0,0,0,124.3,70,45,13.54,3.5,0
112,1,0,0,1,115.8,108,41,12.17,13.1,0
73,1,0,0,2,254.8,85,56,7.17,15,0
100,1,0,0,4,113.3,96,37,9.9,11.7,1
23,1,1,2.54,1,156.6,84,66.4,8.08,9.4,0
50,1,0,0,0,154.7,102,52,14.9,11.1,0
147,1,0,0.33,1,212.8,79,57.3,10.21,10.2,0
91,1,0,0,0,190.5,128,50,10.28,13.8,0
118,1,0,0.43,0,205.2,115,55.3,9.24,7,0
121,1,0,0,1,181.5,121,50,10.92,8.5,0
162,1,0,0,3,177.1,131,40,5.74,6.5,0
100,1,0,0.33,4,210.9,85,67.3,16.47,9.4,0
74,0,0,0,1,125.8,103,40,10.39,14.1,1
76,0,0,0.3,1,273.3,66,72,13.18,12,1
105,1,0,0,1,251.6,88,58,8.76,5.4,0
99,1,0,0,1,159.7,83,41,7.77,8.4,0
57,1,0,0,2,272.7,74,66,11.25,10.5,1
84,1,1,1.54,2,106.5,65,53.4,11.29,5.7,0
67,1,0,0.34,6,260.4,107,65.4,10.41,10,0
107,1,0,0,2,167.3,100,43,8.2,6.7,0
95,1,1,2.84,3,247,109,81.4,6.28,10.5,0
119,1,0,0,5,159.1,114,47,11.57,8.8,1
115,1,1,3.83,2,145,72,80.3,9.73,14.2,0
135,1,0,0,0,154.4,130,44,10.19,11.8,0
43,1,0,0.35,0,179.3,97,55.5,12.64,8,0
68,1,0,0.34,3,231.1,57,56.4,7.67,9.6,0
59,0,1,2.46,1,225,78,79.6,9.57,9.1,0
93,1,0,0.24,1,271.1,101,69.4,11.87,8.4,1
122,1,0,0,0,144.2,87,43,10.61,9.5,0
201,1,1,4.08,1,192,97,93.8,11.96,15.1,0
77,1,0,0,2,144.9,136,38,7.57,12.3,0
107,1,0,0.35,0,206.9,79,61.5,13.12,10.7,0
47,1,1,2.08,2,165,89,59.8,6.37,7.7,0
120,1,1,2.08,0,239.4,94,83.8,12.97,7.7,0
83,1,0,0.24,0,259.7,106,60.4,7.64,10.2,0
112,1,1,3.05,1,221.6,110,79.5,6.51,11.3,0
155,0,1,3,1,211.7,121,78,6.96,11.1,0
74,1,1,3.7,0,234.4,113,100,13.3,13.7,0
75,1,1,3.54,4,210.3,90,92.4,12.09,13.1,0
84,1,0,0.26,2,190.2,102,52.6,9.89,9.8,0
129,1,0,0,1,54.7,131,32,12.81,11.1,0
80,1,0,0,1,160.6,103,48,11.85,10.7,0
90,1,0,0,1,140.2,97,43,10.7,7.1,0
69,1,0,0,1,135.4,101,44,11.91,10.6,0
130,1,0,0,1,207.1,70,53,10.01,12.4,0
142,1,1,2.38,1,224.4,114,74.8,7.3,8.8,0
163,1,1,3.35,2,215.1,91,82.5,6.95,12.4,0
95,1,0,0,6,128.6,115,41,10.81,6.3,1
108,1,0,0.34,0,178.3,137,50.4,9.45,14.6,0
105,1,0,0.17,3,212,113,57.7,11.33,8.9,0
82,1,0,0.21,0,300.3,109,69.1,9.05,11.7,1
85,1,0,0,1,176.4,122,50,11.25,11.5,0
21,1,0,0,0,225,110,60,12.21,10.7,0
46,1,0,0,1,164.2,116,45,9.81,8.1,0
148,1,0,0,2,153.6,148,49,13.11,9.8,0
89,0,0,0,0,206.9,134,50,8.39,10.9,0
98,1,0,0,3,72.8,107,29,9.32,10.5,0
109,0,0,0.25,2,209.1,141,55.5,10.25,7.8,0
92,1,0,0,1,265.6,82,61,9.04,8.6,0
34,1,0,0,0,151,102,37,6.57,9.9,0
106,1,0,0.31,2,114.4,104,30.1,3.92,0,0
80,1,0,0.35,2,127.8,67,41.5,9.08,15.9,0
128,1,1,2.32,0,179.3,104,73.2,11.3,8.6,0
43,1,0,0.38,3,27,117,22.8,8.05,10.7,0
126,1,1,3.4,3,114.3,102,70,9.52,12.6,0
121,1,1,2.03,0,245,95,81.3,10.85,7.5,0
108,1,1,2.57,2,169.8,136,69.7,8.69,9.5,0
86,1,0,0,2,126.3,115,36,8.44,9.8,0
137,1,0,0,2,206.4,122,46,6.4,8.8,0
105,1,0,0,2,156.5,102,39,7.01,12.2,0
129,1,0,0,0,334.3,118,74,9.61,10.4,1
116,1,0,0,0,129.4,84,36,7.87,13.3,0
93,0,0,0,0,312,109,65,6.47,10.5,1
131,1,1,1.4,1,177.1,100,61,9.7,5.2,0
130,1,0,0,1,154,95,44,10.3,12.9,0
89,1,0,0,3,111.2,101,30,6.11,12.6,0
94,1,0,0,1,245,112,57,9.02,9.7,0
109,1,0,0.42,2,218.9,105,67.2,15,11.3,0
137,0,0,0,0,237.3,103,56,8.84,14.2,1
127,1,1,3.29,2,129.7,115,68.9,8.04,12.2,0
183,1,1,2.35,2,86.5,119,62.5,14.26,8.7,0
108,1,0,0,1,138.6,122,39,8.62,9.8,0
138,1,0,0.28,3,171.4,117,41.8,5.76,17,0
106,1,0,0,0,158.6,112,46,11,9.1,0
142,1,0,0,2,84.8,95,27,6.84,14.2,0
58,1,0,0,2,238.9,107,57,9.36,11.8,0
101,1,0,0,5,232.7,114,56,9.32,11.5,0
144,1,1,2.7,1,219.9,102,84,11.11,10,0
136,1,0,0.3,2,142.3,79,41,7.9,6,0
24,1,1,1.94,3,236.3,105,76.4,9.54,7.2,0
101,0,0,0.38,0,193.7,108,52.8,9.33,11.6,0
45,1,0,0,1,78.6,106,30,9.37,7.4,1
176,1,0,0,2,250.9,108,58,8.57,9.6,0
136,1,0,0.31,1,259.4,99,62.1,8.64,10.7,1
55,1,1,3.38,2,189.3,95,76.8,5.93,12.5,0
75,1,0,0,0,305.1,106,68,9.4,8.5,1
58,1,0,0,3,131.9,96,37,8.38,14.7,0
110,1,0,0.24,3,100.1,90,39.4,11.67,11.1,0
177,1,0,0,2,232.8,106,55,8.76,12.5,0
136,1,0,0,2,92.4,109,35,10.95,12.9,0
140,1,0,0,0,194.8,107,48,8.55,13.9,0
79,1,0,0.24,1,144,90,39.4,6.79,13,0
146,1,0,0,4,138.4,104,38,7.95,3.9,1
105,0,0,0,1,273.9,119,71,13.93,10.9,1
130,1,0,0.23,1,115.6,129,36.3,8.39,12.6,0
62,1,0,0.29,1,159.9,100,44.9,8.61,5.6,0
149,1,0,0,3,242.5,83,63,12.27,10,1
91,1,0,0,3,231.8,120,53,7.53,11.6,0
92,1,1,2.16,3,155.4,110,64.6,9.43,8,0
52,1,0,0,1,204.4,97,58,13.66,11,0
105,1,1,2.19,2,236.5,111,72.9,5.85,8.1,0
102,1,0,0,3,242.2,88,61,11.66,6.2,0
105,1,0,0.24,3,115.5,73,45.4,13.37,13.3,0
177,1,0,0,1,189.5,99,48,8.82,14.2,0
116,1,0,0,2,167.8,119,41,7.1,7.3,0
42,1,0,0,0,155.4,127,41,8.21,9,0
60,1,0,0.27,2,203.2,99,57.7,11.79,15.1,0
121,1,1,1.73,2,110,94,48.3,7.08,6.4,0
107,1,1,1.51,1,160.3,45,62.1,11.08,5.6,0
151,1,0,0,0,178.7,116,56,14.61,9.8,0
62,1,0,0,2,189.5,122,42,5.19,10.8,0
68,1,0,0,2,143.6,80,36,6.72,15.5,0
118,1,1,4.56,1,118.1,83,75.6,5.48,16.9,0
200,1,0,0,1,128.2,87,34,6.66,11.2,0
103,0,0,0,3,171.7,78,42,7.23,6.8,0
86,1,0,0,3,194.2,98,50,9.69,9.3,0
68,1,0,0.11,3,222.8,99,54.1,8.79,11,0
102,1,0,0,2,123.1,106,37,9.1,12.6,0
134,1,0,0.35,2,177.2,91,53.5,11.44,8.9,0
119,1,1,3.13,1,132,100,69.3,8.67,11.6,0
94,1,0,0,1,174,85,51,12.06,7.9,0
94,0,0,0.28,1,235.6,131,59.8,9.74,8.6,0
168,1,1,3.08,2,97.4,57,64.8,10.18,11.4,0
45,1,0,0,1,211.3,87,50,8.29,13.3,0
37,1,0,0,2,233.7,114,58,10.4,12,0
31,1,1,3.11,1,210.5,101,89.1,12.53,11.5,0
171,1,0,0.25,0,189.8,122,50.5,8.69,10.3,0
112,1,0,0.38,1,170.4,103,49.8,10.01,11.6,0
72,1,0,0,0,207.8,92,52,9.79,13.1,0
163,1,0,0.35,0,247.7,77,69.5,13.48,9.6,1
172,1,0,0,0,172.5,85,51,12.66,5.9,0
151,1,0,0,1,134.5,88,36,7.16,15.4,0
129,0,0,0,1,267.4,78,63,10.21,5.9,0
71,1,0,0,3,290.4,108,71,12.7,10.1,1
108,1,0,0,1,187.4,101,49,10,12.6,0
148,1,0,0.39,1,202,102,59.9,12.16,10.9,0
101,1,0,0,1,190.7,72,51,10.43,8.8,0
105,1,0,0.33,1,193.7,108,52.3,9.16,10.8,0
166,1,0,0,0,136.1,116,39,9.07,11.3,0
64,1,1,1.22,0,94.4,104,40.2,6.81,4.5,0
125,0,0,0.3,0,298.4,78,77,13.53,12.2,1
90,1,0,0,2,179.2,77,49,10.54,9.2,0
65,1,0,0,1,187.9,116,46,7.88,7.5,0
163,1,1,2.81,1,160,104,72.1,9.47,10.4,0
75,1,1,2.54,3,225.5,119,79.4,9.1,9.4,0
69,1,0,0,3,228.2,70,62,13.19,10.7,0
185,0,1,3.48,2,154.1,114,71.8,5.94,12.9,0
70,1,0,0,3,214.8,87,48,6.55,9.4,0
84,1,0,0,0,191,88,60,15.94,6.5,0
115,1,0,0.26,0,210.6,120,51.6,7.66,11,0
51,0,0,0,0,153.6,108,46,11.65,14.1,1
116,1,1,2.43,2,221,108,75.3,7.55,9,0
56,1,0,0,1,121.6,84,35,8.27,8.9,0
70,1,0,0,0,148.4,110,48,13.36,8.9,0
112,1,1,3.59,0,60.6,113,60.9,8.3,13.3,0
97,1,1,1.81,1,202.3,97,59.1,3.46,6.7,0
87,1,0,0,1,168.2,92,48,11.24,12.9,0
98,1,0,0.16,1,171.7,99,46.6,8.74,7.8,0
80,1,0,0,3,51.5,90,23,8.2,9.5,0
87,0,1,2.92,1,171.2,138,74.2,9.29,10.8,0
48,1,1,2.05,1,198,70,77.5,13.69,7.6,0
157,1,0,0,1,196,74,52,10.67,7.9,0
46,1,0,0,2,257.4,67,66,13.06,13.4,1
111,1,0,0,4,222.2,96,52,8.13,11.9,0
101,1,0,0,1,93.8,127,29,7.5,10.7,0
122,0,1,3.43,1,216.4,80,93.3,12.49,12.7,0
38,1,0,0,2,137.8,86,48,14.32,14.1,0
106,1,1,2.21,3,88.5,100,65.1,16.24,8.2,0
142,1,0,0,1,145.4,93,43,10.46,10.9,0
143,1,0,0.29,1,110.1,113,36.9,8.45,9.2,0
134,1,0,0,1,242.4,126,55,7.65,11.8,0
124,1,0,0,1,160.9,109,40,7.21,12.9,0
113,1,1,2.57,4,149,104,71.7,11.79,9.5,0
17,1,0,0,1,161.5,123,46,10.71,8.6,0
54,1,0,0,1,272.6,83,68,12.44,9.5,1
147,1,0,0,1,205.3,95,50,8.34,7.8,0
98,1,0,0.41,1,187.2,127,53.1,9.78,5.1,0
121,1,1,2.54,0,211.9,110,80.4,10.76,9.4,0
62,1,1,2.75,0,137.3,95,66.5,9.21,10.2,0
194,1,0,0,0,193.3,106,48,8.45,11.8,0
158,1,0,0,1,202,126,49,8.18,10.4,0
162,1,0,0,1,49.2,121,21,7.2,12.1,0
155,0,0,0,0,163.1,94,53,14.59,11.2,0
87,0,0,0,0,134.2,80,37,8.25,10.7,0
71,1,0,0,0,104,92,35,9.85,14.6,0
117,1,0,0,1,184.8,83,53,12.43,9.6,0
76,0,0,0.34,1,241,120,64.4,11.59,9.9,1
99,1,0,0,3,256.4,44,62,10.73,7.9,1
130,1,1,2.35,0,141.9,92,67.5,11.45,8.7,0
119,1,0,0,1,133.4,102,41,10.23,11.1,0
113,1,0,0,2,187.6,97,50,10.41,8.7,0
95,1,0,0,0,58.2,96,28,10.11,10.4,0
35,1,0,0,2,179.2,59,55,14.17,5.8,0
83,1,1,3.54,3,155.9,122,76.4,8.12,13.1,0
152,1,1,2.13,1,214.6,108,66.3,4.83,7.9,0
97,1,1,1.32,3,141,101,55.2,10.6,4.9,0
170,1,1,2.94,4,199.5,119,75.4,6.75,10.9,1
92,1,0,0,1,157.7,101,53,14.93,13.8,0
127,1,1,1.97,0,203.8,118,77.7,13.36,7.3,0
163,1,0,0,1,191.3,89,49,9.7,12.8,0
83,1,1,4.75,2,191.3,95,101.5,12.54,17.6,0
79,1,1,3.24,1,236.7,95,95.4,13.18,12,0
93,1,0,0,0,173,131,46,9.52,10.4,0
73,1,0,0.31,0,240.3,130,58.1,8.13,11.9,0
166,1,0,0,0,173.9,103,54,13.82,15.3,0
60,1,0,0,1,179.3,147,49,10.45,13.5,1
54,1,1,2.48,3,206.9,143,71.8,6.39,9.2,0
107,1,1,3.24,1,248.6,91,85.4,5.97,12,0
121,1,0,0,0,170.4,108,59,17.53,11.2,1
149,0,1,2.38,5,126.9,97,59.8,8.35,8.8,1
105,1,0,0,1,227.4,121,62,13.43,13,0
109,1,0,0,1,175.4,125,52,12.54,9.8,0
127,1,0,0,0,245.2,91,61,10.86,13.9,1
94,1,0,0,1,177.1,112,47,9.7,5.9,0
33,0,0,0,0,164,99,41,7.66,6.4,0
28,1,0,0,0,187.8,94,54,12.43,10.6,0
105,1,0,0,4,162.3,99,46,10.63,11.1,0
95,0,1,1.11,0,220.2,109,65.1,9.27,4.1,1
101,1,0,0,0,206.6,105,55,11.25,14.6,0
107,1,1,2.24,0,204.2,57,75.4,10.3,8.3,0
77,1,0,0,3,185.9,95,50,10.6,11.3,0
115,0,0,0,1,345.3,81,76,10.17,11.8,1
112,1,0,0,1,81.6,94,37,13.41,8.6,0
41,1,0,0,1,143.6,117,38,7.62,8.6,0
89,1,0,0,1,303.9,95,74,13.05,5.3,1
53,1,0,0,9,228.6,117,51,6.64,10.1,1
36,1,0,0,3,235.1,97,57,9.84,7,0
84,1,0,0,1,216.1,114,54,9.88,9.8,0
96,1,1,2.3,1,150,91,63,7.97,8.5,0
106,1,0,0,1,191.4,124,50,10.04,8.2,0
86,1,0,0,1,171.8,106,55,15.09,9.7,0
114,1,0,0,0,191.5,88,48,8.76,0,0
80,1,0,0,0,194.8,116,51,10.5,12.8,0
116,1,1,2.24,1,200.4,104,80.4,13.64,8.3,0
78,1,0,0,0,208.9,119,57,12.62,12.8,0
64,1,1,3.32,1,201.3,101,80.2,7.19,12.3,0
62,1,0,0,2,172.8,101,47,10.24,9.1,0
102,1,0,0,1,103.1,70,41,13.75,11.2,0
87,1,1,0,1,151.4,95,39,7.62,0,0
66,1,1,1.46,2,254.9,108,78.6,12.16,5.4,0
67,1,0,0,0,201.4,101,43,4.88,7,0
124,1,0,0,0,253.5,104,54,5.9,14,0
117,1,0,0,2,149.9,95,48,12.81,13.3,0
114,0,1,3.32,2,174.5,104,82.2,11.21,12.3,0
126,1,0,0,3,256.5,112,61,9.98,7,0
78,1,0,0.23,2,193.4,99,45.3,5.85,9.3,0
113,1,0,0,4,215.5,129,56,10.94,6.6,0
123,1,0,0,3,206.9,115,55,11.22,8.3,0
97,0,0,0.28,0,143.7,117,50.8,13.65,10.9,0
150,1,1,2.38,2,139.6,72,76.8,16.64,8.8,0
121,1,1,2.59,1,215.5,95,83.9,12.09,9.6,0
89,1,0,0,1,179.7,128,57,14.99,7.6,0
184,1,1,2.75,0,200.3,76,83.5,12.68,10.2,0
160,1,0,0,1,166.4,117,56,15.85,10,0
92,1,0,0.27,2,181.4,98,47.7,8.23,10.9,0
87,1,0,0.42,3,223.2,109,53.2,6.38,14.5,0
155,1,0,0,1,190.3,123,58,15.07,8,0
95,1,0,0,3,194.6,114,53,11.64,3.8,0
150,1,0,0,4,178.9,101,45,8.46,13.8,1
74,1,0,0.34,0,187.7,127,49.4,8.17,9.1,0
45,1,0,0,2,112.8,108,38,10.94,9,0
69,1,0,0,2,167.5,76,50,12.11,11.4,0
24,1,0,0.23,0,243,91,59.3,9.2,15.3,1
137,1,0,0.21,1,104.7,115,42.1,12.49,8.9,0
87,0,1,3.11,1,221.6,79,83.1,7.86,11.5,0
114,1,1,3.83,1,309.9,90,108.3,10.02,14.2,0
127,1,0,0,0,261.7,105,60,9.09,3.3,0
61,1,0,0,2,45,108,21,7.57,9.8,0
132,1,1,1.92,2,113.2,96,62.2,13.5,7.1,0
46,1,0,0.3,1,122.2,67,38,8.36,9.7,0
189,1,1,3.08,3,256.7,98,87.8,7.53,11.4,0
97,1,0,0,1,256.4,125,67,13.7,11.1,1
101,1,0,0,1,231.3,87,59,11.24,7.2,0
161,1,0,0,4,332.9,67,84,15.89,5.4,1
142,1,0,0.2,4,232.5,74,57,9.09,10.4,0
118,1,1,3.43,2,91.5,125,69.3,11,12.7,0
134,1,0,0.35,1,208.3,86,60.5,12.68,12.6,0
81,1,0,0,1,145.4,132,36,6.47,5.2,0
67,1,1,2.48,0,161.7,114,70.8,10.38,9.2,0
155,1,1,2.32,0,195.9,91,75.2,10.7,8.6,0
116,1,0,0,3,137.4,126,34,6,12.4,0
68,1,0,0.34,1,232.4,76,56.4,7.67,10.5,0
123,1,0,0.24,0,204.4,88,49.4,6.88,10,0
76,1,0,0,0,173.2,93,41,6.56,5.4,0
55,1,1,1.97,1,207.7,91,72.7,9.99,7.3,0
35,1,0,0,1,260.8,87,67,12.91,5.8,0
99,1,0,0,4,198.2,87,52,10.37,8.7,0
125,1,0,0,1,137.1,94,42,10.49,8.6,0
110,1,0,0,2,271.1,108,67,11.85,9.8,1
95,1,1,3.21,1,129.5,106,76.1,12.45,11.9,0
93,0,1,3.78,1,225.7,117,86.8,5.98,14,1
88,1,1,4.35,1,219.5,78,100.5,11.11,16.1,0
113,1,0,0,1,155,93,55,16.53,13.5,0
48,1,1,4.24,2,152,63,90.4,12.94,15.7,1
136,0,0,0,3,199.6,89,52,10.57,11,1
71,1,1,1.51,2,141.4,107,53.1,8.15,5.6,0
96,1,0,0,2,98.2,100,43,15.36,7.6,0
53,1,0,0,0,168.8,97,48,11.02,10.9,0
79,1,0,0,1,41.9,124,26,10.55,11.4,0
122,1,1,2.08,2,166,62,69.8,11.7,7.7,0
120,1,1,1.94,2,221.9,114,79.4,12.74,7.2,0
172,1,1,2.38,1,274.9,102,86.8,9.33,8.8,0
87,1,0,0,0,204.8,101,49,8.05,9.5,0
212,1,0,0,1,126,96,34,7.22,7.6,0
23,1,0,0,2,321.6,107,77,12.58,11.3,1
83,1,0,0,0,195,92,52,10.53,11,0
132,1,0,0.32,1,163.2,80,45.2,8.38,6.2,0
90,1,0,0,3,145.5,92,44,10.89,10.9,0
94,1,0,0,2,220.8,111,51,7.81,10.5,0
104,1,1,3.62,2,182.1,66,86.2,10.68,13.4,0
82,1,0,0,0,130,110,38,9.27,8.3,0
33,0,0,0,1,190.6,100,47,8.09,13,0
180,1,0,0,3,224.9,105,60,12.5,6.7,1
125,1,0,0,2,191.6,115,51,10.28,9.2,0
134,1,1,1.65,2,247.2,105,78.5,11.28,6.1,1
51,1,0,0,1,181.5,108,48,9.85,10.3,0
90,0,0,0,1,221.8,97,56,10.19,8.4,0
101,1,0,0,3,209.6,107,56,11.44,7.6,0
87,1,1,2.75,2,125,99,69.5,11.77,10.2,0
89,1,0,0,2,141.1,92,46,12.46,10.8,0
64,1,0,0,1,219.6,126,64,15.17,9.7,0
27,1,0,0,1,227.4,67,60,12.4,7.8,0
82,1,0,0,0,199.3,112,51,9.67,7,0
119,1,0,0,3,138.3,89,38,8.53,13.5,0
130,1,0,0.18,0,127,102,41.8,10.35,6.1,0
91,1,0,0,5,154.4,165,41,8.42,11.7,1
140,1,0,0,3,173.2,91,47,9.84,11.2,0
72,1,0,0,0,109.1,97,29,5.79,8.3,0
77,1,1,1.92,2,209.7,73,71.2,9.18,7.1,0
130,1,1,2.92,2,152.9,87,74.2,10.66,10.8,0
97,1,0,0,0,215.3,58,58,12.12,12.1,0
75,1,0,0,1,166.3,125,42,7.91,6.1,0
73,1,0,0,1,286.4,109,64,8.91,10.7,1
170,1,1,3.51,0,178.1,130,86.1,12.14,13,0
81,1,1,3.29,1,161.6,117,70.9,6.15,12.2,0
88,1,0,0.31,1,153.5,94,51.1,12.59,8.5,0
115,1,0,0.23,3,268,115,61.3,7.68,17,0
79,1,0,0,3,222.3,99,51,7.31,8.9,0
84,1,0,0,1,217.1,99,57,11.8,9.4,0
117,1,1,2.35,2,205.7,98,70.5,6.81,8.7,0
113,1,1,2.35,5,157.8,83,64.5,8.08,8.7,1
63,1,1,2.21,0,214.9,86,76.1,9.91,8.2,0
35,1,1,1.35,2,181.2,76,59.5,8.88,5,0
67,1,0,0,2,171.7,80,39,5.52,11.9,0
78,1,0,0.51,1,168.3,110,53.1,11.06,12.5,0
101,1,1,2.7,2,238,88,86,10.48,10,0
73,1,0,0,1,182.3,115,48,9.96,18,0
71,1,1,3.81,1,175.7,82,90.1,12.95,14.1,0
74,1,0,0,0,221.1,124,48,5.54,10.6,0
56,0,0,0,1,177.7,114,49,10.78,10.5,0
179,1,0,0,1,170.7,54,46,9.56,13.3,0
76,1,1,2.57,3,160.1,107,67.7,8.44,9.5,0
113,0,0,0.31,1,204.3,82,54.1,9.44,9.2,0
161,1,1,1.97,1,218.5,76,66.7,5.64,7.3,0
157,1,1,1.84,3,192.6,107,68.4,9.78,6.8,0
114,1,0,0,2,169.2,96,42,7.5,4.6,0
100,0,0,0,1,107.2,98,26,4.34,9.7,0
108,1,0,0,0,169.6,99,52,13.21,9.3,0
79,1,0,0,1,220.9,107,54,9.61,12.2,0
52,0,0,0,0,251.4,118,60,9.83,11,1
131,0,1,3.73,4,292.9,101,104.3,9.99,13.8,1
115,1,0,0,2,195.9,111,53,11.35,13.2,0
127,1,1,3.13,1,143.2,99,70.3,8.5,11.6,0
94,1,0,0,0,181.3,135,47,9.12,6.7,0
79,1,0,0,2,134.7,98,40,9.49,11.8,0
47,1,1,2.11,2,163.5,77,67.1,10.16,7.8,0
138,1,1,4.05,1,183.9,83,92.5,12.04,15,0
20,1,0,0,2,186.8,89,54,12.67,12.3,0
103,1,0,0,2,129.3,103,40,10.14,12.9,0
72,1,0,0,4,217.8,93,54,9.49,10.4,0
94,1,0,0,1,207,109,50,8.37,2.6,0
51,1,1,3.02,1,236.8,61,93.2,13.17,11.2,0
98,1,1,3.46,3,179.9,97,81.6,9.46,12.8,0
97,1,1,2.97,1,133.2,135,71.7,10.86,11,0
99,1,1,1.97,2,87.7,103,53.7,11.15,7.3,0
49,1,0,0,0,213.8,79,59,13.26,15.6,0
80,1,0,0.24,1,197.5,114,54.4,10.35,11.3,0
121,1,1,1.57,3,198.4,129,56.7,3.77,5.8,1
192,1,1,2.67,2,156.2,77,71.7,10.78,9.9,0
82,1,1,1.11,1,146.5,73,57.1,12.32,4.1,0
107,1,0,0,1,103.4,94,34,9.47,14.4,0
115,0,0,0,2,122,110,40,11.01,10.8,1
80,1,0,0,2,209.9,74,53,9.76,8.8,0
73,1,0,0,0,203.3,45,47,7.1,8.5,0
37,1,0,0,2,199.5,107,52,10.38,8.1,0
32,1,0,0,1,157.9,88,43,9.04,12.8,0
125,1,0,0,0,206,128,52,9.91,13.2,0
115,1,0,0,1,206.2,113,51,8.82,11,0
96,1,1,3.62,0,108.6,90,72.2,10.32,13.4,0
25,1,0,0.33,2,242.6,69,63.3,10.45,14.4,0
190,1,1,2.67,1,116.7,71,59.7,7.3,9.9,0
34,1,0,0,1,128.8,80,40,10.44,14,0
132,1,1,3.7,0,201.9,93,85,7.82,13.7,0
73,1,0,0,1,187.3,118,53,11.99,15.1,0
116,1,0,0.23,2,217.3,91,58.3,10.81,11.3,0
110,1,0,0,3,151.8,106,38,6.9,11.2,0
128,1,0,0,2,147.7,94,50,14.17,6.9,0
87,1,0,0,3,184.5,81,46,8.6,13.7,0
111,1,0,0,0,197.1,117,53,11.39,9.3,0
94,1,0,0,3,271.2,105,64,10.13,11.5,1
116,1,1,2.21,3,155.7,104,65.1,9.27,8.2,0
171,1,1,2.75,3,223.2,77,81.5,9.16,10.2,0
101,1,1,2.92,0,160.1,116,75.2,10.5,10.8,0
99,0,0,0,4,197.2,127,47,7.8,9.9,0
88,1,0,0,1,192,91,44,6.38,7.5,0
45,1,0,0.37,1,155.7,110,52.7,13.02,11,0
125,1,1,2.75,1,120.5,104,67.5,11.39,10.2,0
50,1,1,2.3,3,252.9,112,82,8.9,8.5,0
125,0,1,4.59,1,260.8,81,104.9,8.19,17,1
126,1,0,0,1,228.7,102,54,8.44,11.8,0
1,1,1,2.19,1,208,115,73.9,9.25,8.1,0
70,1,0,0.31,0,177.4,125,53.1,11.31,10.9,0
138,1,1,2.13,0,19.5,149,37.3,7.05,7.9,0
95,0,0,0,4,228.9,134,61,12.79,10.1,1
22,1,1,1.13,1,199.1,100,64.3,11.09,4.2,0
156,0,0,0.2,1,277,119,70,11.92,8.3,0
109,0,1,2.51,0,217.2,138,75.1,7.28,9.3,0
132,0,1,3.48,2,200.3,75,88.8,11.33,12.9,0
66,1,0,0,1,201.3,95,48,7.64,7.5,0
81,1,1,2.48,4,167.9,147,69.8,9.54,9.2,1
77,0,1,3.21,0,103.2,117,70.1,11.82,11.9,1
122,1,1,3.13,1,163,107,86.3,15.64,11.6,0
143,1,1,2.08,1,141.4,130,60.8,9.32,7.7,0
90,1,0,0,0,109.9,102,38,11.04,10.9,0
94,1,0,0.15,0,139.4,95,39.5,7.96,7.7,0
48,1,0,0,2,300.4,94,63,6.66,7.2,0
60,1,0,0,1,221.1,106,53,8.93,7.4,0
37,0,1,2.48,1,149.7,122,68.8,10.56,9.2,0
155,1,1,3.62,2,243.9,112,89.2,6.65,13.4,0
97,1,0,0,0,225.1,90,63,13.98,8.8,1
79,1,1,2.46,1,167.9,114,74.6,12.19,9.1,0
116,1,0,0,2,89.5,128,31,9.04,14,0
57,1,0,0,0,221.1,101,58,11.84,9.5,0
103,1,1,3.11,0,149.9,84,72.1,8.55,11.5,1
110,1,0,0,1,135.1,109,41,10.26,11.7,0
114,1,0,0,5,147.1,119,39,8.05,9,1
103,1,1,3.75,4,110.5,101,74.5,10.42,13.9,1
39,1,1,3.24,1,141.7,121,76.4,11.62,12,0
137,1,0,0,3,110.5,79,38,11.16,10.5,0
136,1,0,0,0,102.1,75,37,10.98,9.8,0
30,1,0,0,1,54,68,25,8.97,10.2,0
116,1,0,0,3,245.9,73,63,12.01,8.9,0
104,1,1,3.59,4,280.2,136,102.9,11.03,13.3,0
99,1,1,2.08,3,244.1,71,79.8,10.17,7.7,0
162,1,0,0.33,2,217.6,87,64.3,13.95,10.4,1
126,0,1,2.59,1,129.3,123,62.9,8.83,9.6,0
87,1,0,0,1,156.8,93,45,10.79,7.6,0
108,1,0,0,3,201.1,101,49,8.54,11.6,0
54,1,0,0.21,2,247.5,85,64.1,11.27,10.2,1
56,1,0,0.3,1,253.2,95,63,9.4,4.4,0
15,1,0,0,2,135.2,101,36,7.63,8.4,0
141,1,1,1.81,1,322.4,92,97.1,14.16,6.7,1
110,1,0,0,3,188,127,40,4.53,15.3,0
127,1,0,0.33,2,221,100,55.3,8.04,6.8,0
28,1,0,0,2,180.8,109,56,14.44,14.1,0
45,1,1,2.08,1,196.8,92,76.8,12.71,7.7,0
98,1,1,2.62,0,278.3,89,82.2,4.67,9.7,0
161,1,0,0,2,322.3,100,75,11.52,7.8,1
129,1,0,0.23,1,137.8,120,45.3,11.29,10.2,1
146,1,1,2.21,3,154,80,64.1,9.28,8.2,0
88,1,0,0.29,2,148.2,82,54.9,15.44,6.4,0
13,1,0,0,4,193.2,89,50,9.72,9.7,0
119,1,0,0,3,230.4,117,59,11.25,7.6,0
113,0,0,0,5,122.2,112,32,6.59,10.3,1
30,1,0,0,2,162.3,96,49,12.2,9.1,0
51,1,0,0,1,259.9,114,60,8.81,15.3,0
151,1,0,0,2,118.9,128,44,13.92,13.2,0
113,1,1,2.75,2,205,101,75.5,7.6,10.2,0
57,1,0,0,0,158.1,117,37,5.76,11.8,0
124,1,0,0,1,312,112,69,9,12.8,1
16,1,0,0,0,229.6,78,57,10.29,10.8,1
78,1,0,0,0,149.7,119,41,9.11,9.7,0
107,0,0,0,2,194.4,83,55,12.39,11.2,0
36,1,0,0.29,3,202.4,115,57.9,11.54,10.2,0
91,1,1,1.51,1,175.3,96,68.1,13.12,5.6,0
75,1,0,0,3,224.7,116,55,9.6,11.3,0
105,1,0,0,2,140.6,109,40,8.93,6.8,0
186,1,0,0,1,137.8,97,40,9.39,8.7,0
105,1,1,3.08,1,141.2,96,69.8,8.39,11.4,0
98,1,1,0,2,64.6,98,26,8.81,0,0
184,1,0,0.21,2,151.7,93,43.1,8.93,13.1,0
121,1,1,3.24,1,116,85,65.4,7.51,12,0
97,1,0,0,3,218,86,53,9.2,6.4,0
140,1,0,0,2,235.5,81,62,12.86,11.5,0
122,1,0,0,0,145.6,102,49,14.24,12.2,0
134,1,0,0,2,164.9,115,39,6.33,10,0
113,1,0,0,1,215.6,96,54,9.67,13.5,0
73,1,0,0,0,214.2,90,54,9.84,5.9,0
109,1,0,0,2,170.7,101,50,12.01,11.4,0
113,1,0,0,3,245.3,108,64,13,10.7,1
159,1,0,0.29,5,198.8,107,53.9,9.78,16.5,0
193,1,1,3.32,1,124,102,72.2,10.15,12.3,0
127,1,0,0,1,182.3,124,46,8.5,9.3,0
144,1,0,0,1,278.5,95,68,12.04,11.6,1
70,1,0,0,1,230.3,110,46,3.9,13.2,0
165,1,1,2.57,3,167.4,113,69.7,8.64,9.5,0
133,0,0,0,0,254.7,103,65,12.61,8,1
140,1,0,0,1,149.8,134,40,8.22,8.1,0
150,1,1,1.78,0,209.9,77,67.8,7.9,6.6,0
178,1,1,2.84,2,175.4,88,74.4,9.5,10.5,0
82,1,0,0,0,101,93,31,7.78,13.3,0
60,0,0,0,1,183,110,49,10.34,11.1,0
126,0,1,2.62,4,244.9,118,87.2,10.98,9.7,0
144,1,1,1,0,105,86,39,6.09,3.7,0
50,1,0,0.21,1,301.7,82,68.1,8.36,10.5,0
104,1,0,0.24,1,118.5,92,38.4,8.89,12.1,0
151,1,0,0,0,170.2,89,45,9.38,4.3,0
106,1,0,0,3,208.3,89,50,8.47,15.9,0
120,1,1,4.21,0,128.1,99,85.1,12.39,15.6,0
101,1,0,0,1,220.3,124,54,9.43,10.6,0
39,1,0,0,0,93.3,83,33,9.98,6.5,0
60,1,0,0,2,289.8,101,71,12.78,11.7,1
122,1,1,2.48,7,253.7,84,87.8,11.46,9.2,0
88,1,0,0.26,3,144.3,116,40.6,7.82,7.8,0
103,1,0,0,0,263.4,118,60,8.96,10.3,0
73,1,0,0,2,241.7,115,56,8.43,11.1,0
137,1,0,0,1,109.8,120,39,11.53,11.9,0
192,1,0,0,4,221.6,101,62,14.26,12.7,0
147,1,1,3.73,5,254.2,78,100.3,11.41,13.8,0
61,1,1,2.7,2,252.4,106,86,9.39,10,0
57,1,0,0,0,169.6,96,49,11.74,11.2,0
146,1,0,0,1,115.6,77,38,10.68,10.7,0
18,1,0,0,1,273.6,93,57,5.73,8.2,0
70,1,0,0,2,208.7,97,59,13.78,8,0
107,0,0,0,2,273.5,104,63,9.19,11,0
44,1,0,0.33,2,228.1,121,66.3,13.83,9.9,1
110,1,0,0,2,241.2,105,56,8.72,8.5,0
85,1,0,0,0,209.8,82,53,9.73,11.3,0
135,1,1,3.94,2,197.1,113,95.4,12.97,14.6,0
34,1,0,0.29,2,293.7,89,76.9,13.63,11,1
108,1,0,0,1,215.6,78,54,9.77,3.6,0
73,1,0,0,1,214.3,145,60,13.43,10.8,0
114,1,1,3.51,0,222.8,98,89.1,9.03,13,0
54,0,0,0,3,236.3,91,54,7.64,11.2,0
90,1,0,0,1,200.9,92,49,8.22,8.9,0
76,1,0,0.35,0,179.2,85,53.5,11.15,12.4,0
12,0,0,0,2,216.7,117,47,5.83,9.8,0
81,1,0,0,4,166.2,102,47,10.88,13.2,0
107,1,0,0,1,86.8,95,24,5.41,13.2,0
73,1,0,0,0,254.7,80,51,4.51,10.6,0
107,1,0,0,3,134,104,38,8.73,7.3,0
19,1,1,3.05,1,156.6,97,76.5,11.21,11.3,0
126,1,1,3.27,0,58.9,125,68.7,15.28,12.1,0
209,1,0,0,0,153.7,105,43,9.43,10.7,0
86,1,0,0.17,2,70.7,125,31.7,10.55,0,0
121,1,0,0.32,1,213.2,79,50.2,6.04,7.5,0
122,1,1,3.78,1,147.8,85,75.8,7.37,14,0
48,1,0,0,2,190.4,92,60,15.88,8.3,0
106,1,0,0,2,210.6,96,57,12.46,12.4,1
94,1,0,0,1,181.5,98,48,10,6.6,0
47,1,1,3.56,2,112.8,150,75.6,12.2,13.2,0
138,1,0,0.18,1,230.1,107,59.8,10.6,13.2,0
63,1,0,0,0,185.3,87,51,11.27,11.7,0
67,1,1,3.92,1,129.6,107,81.2,11.65,14.5,0
149,1,0,0,4,119.2,88,35,8.42,12.2,1
92,1,1,3.19,1,172.3,116,83.9,13.31,11.8,0
69,1,0,0.29,2,194.2,122,56.9,12.11,9.7,0
86,1,1,2.43,1,221.6,74,87.3,14.42,9,0
145,1,0,0,0,241.7,137,53,6.79,13.1,0
172,1,0,0,1,211.7,100,53,9.94,6.5,0
91,1,0,0,1,217.9,71,57,11.51,10.6,0
92,1,1,2.75,0,141.6,95,69.5,10.4,10.2,0
45,1,0,0,2,159.8,91,38,6.02,10.6,0
46,1,0,0.42,1,139.4,81,47.2,11.19,13.6,0
69,1,1,3.56,2,194.9,63,85.6,9.58,13.2,0
105,1,0,0,0,226.9,106,55,9.11,11.6,1
118,0,0,0,0,223.4,98,57,11.03,6.3,0
53,1,1,3.46,2,131.2,63,76.6,11.37,12.8,0
107,1,1,3,0,60,102,49,5.11,11.1,0
109,1,0,0.31,3,180,100,54.1,11.45,7.8,0
85,0,0,0,3,116.2,86,40,11.49,10.1,0
135,1,0,0,1,194.8,97,54,11.77,11,0
82,1,1,1.27,3,232.6,121,65.7,7.66,4.7,0
94,1,1,3.46,1,170.1,124,80.6,9.67,12.8,0
153,1,1,4.16,0,235.6,74,101.6,11.4,15.4,0
172,1,0,0,3,215.7,140,50,7.32,7.1,0
111,1,0,0,5,123.1,88,40,10.7,12,1
68,1,0,0,3,148.8,70,47,12.33,12.1,0
139,1,0,0,1,236.6,109,55,8.5,11.1,1
68,1,1,1.65,1,160,72,59.5,9.23,6.1,0
72,1,0,0,0,198.4,147,53,10.85,13.1,0
76,1,0,0.21,1,165.7,94,53.1,12.87,10,0
51,1,0,0,1,183.1,99,45,8.01,7,0
116,1,0,0.23,3,173.5,93,48.3,9.71,16.2,0
96,1,0,0,1,173.9,111,54,14.37,9.1,0
78,0,0,0,1,236.8,141,63,13.27,9.5,1
67,1,0,0,1,176.2,120,51,11.8,10.6,0
86,1,0,0,0,83.5,96,33,11.06,12.6,0
40,0,0,0,3,170.7,55,45,8.96,8.2,0
118,1,0,0.32,1,187.4,97,50.2,8.89,12.2,0
87,1,1,1.92,2,240.8,102,67.2,3.8,7.1,0
9,1,1,3.11,2,88.5,87,62.1,8.94,11.5,0
121,1,0,0,2,86.1,100,37,12.99,9.1,0
84,1,1,2,2,193,106,66,7.68,7.4,0
105,0,0,0,0,228.4,100,52,7.26,7.7,0
57,1,0,0.31,3,189.3,157,51.1,8.75,11.2,0
104,1,1,3,1,189.1,112,78,8.91,11.1,0
112,1,0,0,2,335.5,77,76,10.63,12.7,1
184,0,0,0,2,213.8,105,50,7.98,5,0
89,1,1,3.19,1,174.4,108,78.9,9.84,11.8,0
115,1,0,0,1,200.2,92,55,12.25,8.8,0
101,1,0,0,4,158.4,92,43,9.4,13.5,1
81,1,1,3.08,0,130.1,117,69.8,9.8,11.4,0
123,1,0,0.15,3,211,92,56.5,10.85,9.8,0
56,1,0,0.33,1,210.4,80,54.3,8.83,15.5,0
147,0,1,3,3,157.5,109,73,9.48,11.1,1
39,1,0,0,2,154.1,104,44,10.21,9.8,0
89,1,0,0,1,82.3,77,29,8.36,7.2,0
75,1,1,3.54,3,163.6,132,76.4,7.34,13.1,0
141,1,1,3.32,0,116.9,127,77.2,13.83,12.3,0
91,0,1,2.67,0,93.5,112,58.7,9.17,9.9,0
131,1,1,2.05,3,249.6,87,82.5,11.36,7.6,0
95,1,0,0,0,197,88,50,9.52,16.1,0
51,1,0,0.31,2,51.8,107,32.1,11.51,10.4,0
115,1,0,0,2,184.1,98,60,16.35,7.5,0
71,1,0,0,0,238,82,65,13.93,11.8,1
29,1,0,0,2,196.8,81,48,8.4,12.7,0
139,1,1,3.7,0,157.6,129,85,12.35,13.7,0
185,1,1,2.03,1,189.8,126,67.3,8.17,7.5,0
96,1,0,0,5,260.4,115,57,7.3,11.5,0
51,1,0,0,0,214.8,94,50,7.49,10.2,0
54,1,0,0,3,134.3,73,37,7.78,14.7,0
46,1,0,0,3,196.7,85,51,10.3,11.2,0
117,1,0,0,2,181.5,95,49,10.26,14.7,0
128,0,1,3.67,0,222.1,89,88.7,8.03,13.6,1
150,1,0,0.36,3,126,99,45.6,11.93,10.2,0
92,1,0,0.25,2,196.5,82,52.5,9.5,10.8,0
114,1,1,2.54,3,141.3,96,69.4,11.52,9.4,0
181,1,0,0.26,2,229.9,130,54.6,7.22,14.2,0
74,1,0,0,1,203.8,77,53,10.26,9,0
99,1,0,0,2,128.3,78,41,10.77,14.3,0
79,1,0,0,3,261.7,97,63,10.53,6,1
134,1,1,4.48,0,80.3,94,75.8,10,16.6,0
148,1,1,4.46,2,209.2,110,90.6,5.83,16.5,0
109,1,0,0,2,222.5,74,53,8.49,9,0
147,0,0,0,0,157,79,36,5.16,7.1,0
101,1,1,2.73,0,121.1,116,64.3,9.32,10.1,0
138,1,0,0.28,2,87.6,112,40.8,13.35,9.8,0
106,1,0,0.26,1,187.1,104,56.6,12.51,11,0
78,1,0,0,2,152.9,81,48,12.83,5.3,0
48,1,1,2.05,3,230.9,92,74.5,8.38,7.6,0
138,0,0,0,4,46.5,104,24,9.3,9.6,1
104,1,0,0,3,264,108,57,6.61,10.6,0
111,1,1,1.92,1,127.1,94,61.2,11.42,7.1,0
169,1,0,0.25,3,266.7,105,61.5,7.91,13.8,1
56,1,1,3.43,1,121.7,87,71.3,9.2,12.7,0
114,1,0,0.29,1,84.7,118,38.9,12.5,14.5,0
98,1,0,0.38,5,227.1,116,52.8,6.03,4.7,1
24,1,0,0,2,149,73,37,6.55,8.6,1
130,1,0,0.24,0,212.8,102,55.4,9.49,10.6,1
123,1,0,0,1,163.1,119,49,12.47,9,0
68,1,0,0.33,0,226.7,94,56.3,8.42,10.2,0
136,0,1,2.84,3,203.9,106,79.4,9.38,10.5,0
136,1,0,0,3,101.7,105,35,10.14,9.4,0
36,1,1,1.81,0,149.4,111,55.1,6.59,6.7,0
68,0,1,3.83,3,125.7,92,83.3,13.8,14.2,1
35,1,1,2.54,1,241.7,87,79.4,7.1,9.4,0
3,1,1,3.21,2,118.1,117,71.1,11.08,11.9,0
95,1,0,0,1,183.4,98,56,14.07,8.2,0
34,1,0,0,2,124.8,82,46,14.11,10,0
113,1,0,0,1,209.4,151,66,17.37,7.4,1
106,0,0,0,1,133.7,45,39,9.39,10.7,1
36,1,1,2.43,2,281.4,102,90.3,10.11,9,0
143,1,1,2.57,1,239.2,109,86.7,11.78,9.5,0
132,1,1,2.32,2,175.7,93,69.2,9.36,8.6,0
124,1,0,0,3,251.5,85,61,10.71,11.1,0
107,1,0,0,2,194.5,97,49,9.32,12.7,0
49,1,1,2.16,3,214.4,78,78.6,11.76,8,0
82,1,0,0,1,125.7,96,40,10.38,12.9,0
115,1,0,0,3,226.4,101,63,13.84,12.3,1
68,1,0,0,5,162.1,86,41,7.75,11,1
69,1,1,1.59,1,155,98,54.9,7.12,5.9,0
84,1,1,2.05,3,165.3,97,68.5,11.18,7.6,0
52,1,0,0,3,148.3,83,41,9.08,8.3,0
100,1,1,2.65,0,224.7,121,90.5,14.7,9.8,0
73,1,0,0,0,213,95,53,9.44,13.5,0
149,1,0,0.37,1,207.3,115,56.7,9.92,8.6,0
179,0,1,2.73,4,220.1,78,85.3,11.72,10.1,0
141,1,1,2.73,1,148.6,91,64.3,6.56,10.1,0
61,1,1,2.84,0,254.4,133,85.4,8.09,10.5,0
88,1,0,0.27,1,181.9,90,46.7,7.58,7.5,0
195,1,0,0,0,63.2,108,30,11.01,5.1,0
107,1,1,3.02,1,281.1,83,90.2,7.19,11.2,0
110,1,1,2.43,2,202.6,103,69.3,5.94,9,0
74,1,1,2.67,4,249.4,70,87.7,10.48,9.9,0
40,1,0,0.28,0,242.5,82,64.8,11.65,9.6,0
92,1,1,2.7,2,152,95,77,13.75,10,0
68,1,0,0,1,158.8,119,45,10.59,10.3,0
38,1,1,1.05,0,197.2,118,65.5,12.5,3.9,0
98,1,0,0,4,161,117,44,9.55,12.1,0
97,1,0,0,4,120.8,96,35,8.49,11.9,1
36,1,0,0.25,1,253.4,77,61.5,9.12,8.4,0
185,1,1,3.73,2,151.1,121,84.3,12.24,13.8,0
132,1,0,0,1,117.6,66,39,10.7,8.8,0
61,1,0,0,1,267.1,104,61,9.02,17.3,1
128,1,0,0,2,268.1,95,56,6.03,14.4,0
119,1,0,0,1,231.5,82,63,13.35,7.4,0
16,1,0,0,1,153.2,65,46,11.49,10.7,0
114,1,1,3.48,1,125.2,79,71.8,8.89,12.9,0
149,1,0,0,1,69.1,117,24,6.82,6.3,0
93,1,1,1.84,2,138.1,91,56.4,8.37,6.8,0
41,1,0,0,2,237.8,92,60,11.18,10.2,0
25,1,0,0.14,3,119.3,87,40.4,10.58,10.5,0
41,1,0,0.21,3,202.9,97,50.1,7.69,9,0
97,1,0,0,1,209.2,134,36,0,11.8,0
95,1,0,0,2,142.5,109,40,8.81,8.2,0
141,1,1,2.16,4,185.4,87,68.6,8.93,8,0
81,1,0,0,1,154.5,84,45,10.81,13.7,0
112,1,0,0,1,174.5,127,52,12.97,11.3,0
87,1,0,0,1,110.9,91,33,7.93,6.2,0
143,1,0,0,1,133.4,107,42,11.2,10.2,0
99,1,0,0,1,191.2,110,47,8.2,14.1,0
137,1,0,0,1,127,107,50,16.16,7.5,0
102,1,0,0,0,174.5,79,50,11.84,8.5,0
67,1,1,3.56,1,175.2,68,82.6,9.96,13.2,0
18,1,0,0.27,3,197,97,53.7,10.19,8.7,0
94,1,0,0,0,85.9,113,34,11.34,15.6,0
58,1,1,3.11,2,224.1,127,90.1,11.94,11.5,0
157,0,0,0,0,180.4,123,48,9.7,8.4,0
134,1,0,0,0,244.1,99,63,12.35,7.2,0
57,1,0,0,0,85.9,92,32,9.7,10.1,0
86,1,0,0.3,2,148.2,71,53,14.26,6.2,0
107,1,1,3.7,1,161.6,123,82,9.78,13.7,0
1,1,1,2.27,0,183.1,95,73.7,11.63,8.4,0
157,1,1,4.05,1,219.2,102,95.5,10.3,15,0
144,1,0,0.21,4,61.6,117,20.1,3.86,8.2,1
130,1,0,0,2,211.2,119,56,11.56,6.3,0
103,1,1,3.92,2,185.4,105,88.2,9.88,14.5,0
88,1,0,0,3,183.5,93,46,8.53,8.3,0
137,1,0,0.36,1,97.5,95,37.6,9.79,0,0
101,1,0,0.3,1,0,0,20,9.61,7.2,0
135,0,1,3.94,0,173.1,85,86.4,10.2,14.6,1
60,1,0,0,1,145,133,43,10.46,14.6,0
93,1,1,3.05,7,152.3,90,79.5,13.38,11.3,0
147,1,0,0.26,2,124.4,74,51.6,16.05,10.4,0
93,1,0,0,4,164.5,95,48,11.55,9.9,0
105,1,0,0,6,106.4,71,39,12.01,5.3,1
114,1,0,0,2,155.3,75,41,8.5,12.6,0
111,1,0,0,4,229.4,107,58,10.71,10.4,0
131,1,0,0,1,175.1,73,45,8.6,7.3,0
86,1,1,2.57,0,119,101,65.7,11.5,9.5,0
124,1,0,0,0,178.4,72,51,11.68,12,0
180,1,0,0.4,1,143.3,134,44,9.03,10.1,0
107,1,1,2.21,1,134.2,101,63.1,10.6,8.2,0
67,1,1,3.48,2,186.2,117,91.8,14.34,12.9,0
131,1,1,3.43,1,170.8,145,84.3,11.84,12.7,0
79,1,1,4,2,103.7,100,78,11.82,14.8,0
84,1,0,0,0,169.5,96,43,7.88,10.6,0
53,1,1,1.94,0,146.8,107,71.4,15.5,7.2,0
83,1,0,0,0,337.4,120,77,11.37,15.8,1
108,0,0,0.38,2,115.1,114,41.8,10.57,13.8,1
118,1,0,0,2,189.3,119,53,11.68,10,0
49,1,0,0,2,266.3,90,63,10.39,14,1
120,1,0,0,1,158,110,44,9.85,10,0
55,1,0,0,0,132,103,47,13.98,13.5,0
111,1,0,0,3,255.9,97,61,10.21,12.3,0
58,1,1,3.02,1,240.4,80,81.2,5.95,11.2,0
118,1,1,2.65,3,294.9,106,91.5,8.29,9.8,0
99,1,0,0,2,140.7,88,42,10.55,12.4,0
37,1,1,2.81,0,264.7,81,92.1,10.83,10.4,0
95,1,1,2.86,0,262.2,123,87.6,8.26,10.6,0
127,0,0,0,4,143.2,60,40,8.98,6.2,1
75,1,1,3.02,1,248.9,93,87.2,8.54,11.2,0
75,1,1,1.13,3,117.5,102,49.3,10.34,4.2,0
111,1,0,0.26,2,142.3,75,37.6,6.14,12.8,0
82,1,0,0,4,200.3,96,52,10.06,7.1,0
124,1,0,0,1,131.8,82,47,14.22,11.3,0
75,1,0,0,1,190.5,91,48,8.92,13.1,0
95,1,0,0.13,0,174,57,55.3,14.06,9.7,0
124,1,0,0,3,158.6,104,45,10.56,10.2,0
122,0,0,0.3,4,140,101,44,9.82,9.7,1
77,1,1,2.73,1,149.4,74,63.3,6.2,10.1,0
141,1,1,2.51,2,206.9,126,83.1,13.22,9.3,0
53,1,0,0.22,3,205.1,86,51.2,8.03,10.7,0
58,1,0,0,4,174.4,112,53,13.29,0,0
23,1,0,0,6,190.2,89,47,8.32,15,0
61,0,1,3.16,3,128.2,119,68.6,8.59,11.7,0
134,1,0,0,2,258.8,85,56,6.48,10.9,0
117,1,0,0.19,1,184.5,97,63.9,17.58,8.7,0
138,0,0,0,0,196.2,129,49,8.83,15.2,1
117,1,1,3.19,0,216,140,87.9,11.21,11.8,0
142,1,0,0.35,2,187,133,47.5,6.73,7.4,0
121,1,0,0.21,0,144.8,126,44.1,10.03,13.3,1
197,1,0,0.24,3,154.8,111,43.4,8.58,10.6,0
37,1,0,0.32,3,134.9,98,48.2,12.42,14.7,0
104,1,0,0,2,144.5,107,40,9.03,17,0
119,0,1,3.29,0,173,101,80.9,10.47,12.2,0
31,1,0,0.19,1,97.5,129,40.9,13.02,7,0
78,1,0,0,1,87.7,74,34,10.74,10.8,0
76,1,0,0,1,204,69,54,11.26,9.6,0
86,1,0,0.35,0,216.3,96,63.5,13.32,4.5,0
100,1,1,2,0,177.1,88,65,8.19,7.4,0
79,1,0,0.31,3,156.9,109,41.1,6.11,11.3,0
130,1,1,3.4,1,257.2,108,97,11.22,12.6,0
108,1,0,0,2,73.8,105,25,7.17,10.9,0
74,1,0,0,3,148.5,111,38,7.33,9.9,0
103,0,0,0,1,255.9,128,56,7.05,12.1,1
140,1,0,0.26,1,162.6,98,48.6,10.31,8.2,0
161,1,0,0,2,107.5,121,41,12.82,12.6,0
146,1,1,2.73,2,180.7,82,73.3,8.69,10.1,0
43,1,0,0,1,199.9,108,59,14.42,11.3,0
140,1,0,0,1,160.5,114,48,12.03,11.3,0
75,1,1,3.05,1,198.2,107,88.5,14.02,11.3,0
74,1,0,0,1,172.1,105,48,10.59,11.6,0
81,0,0,0,1,250.6,85,59,9.4,7.8,0
179,1,0,0,0,219.2,92,50,7.47,6.1,0
95,1,0,0.44,3,156.6,88,52.4,12.38,12.3,0
89,1,0,0.25,3,115.4,99,40.5,10.5,15.9,0
95,1,0,0,0,69.4,79,29,9.54,8.9,0
15,1,0,0,2,121.1,130,39,10.8,16.1,0
95,1,0,0,2,167.6,96,44,8.8,13.4,0
133,1,0,0,0,245.8,102,65,13.24,11.2,0
127,1,1,1.38,0,82.2,95,41.8,8.17,5.1,0
201,1,0,0,1,225.9,110,64,14.96,11.2,1
148,1,0,0,0,124.4,83,37,8.99,11.3,0
68,1,1,1.3,3,82.5,97,52,14.5,4.8,0
108,1,1,2.65,2,276.6,99,92.5,11.01,9.8,0
84,1,1,2.03,4,207.5,138,73.3,10.05,7.5,0
126,0,0,0,1,239.7,87,65,14.09,11.4,1
165,1,0,0.13,1,156,88,51.3,13.81,9.3,0
73,1,1,3.11,0,194.4,104,80.1,8.8,11.5,0
107,1,1,3.4,3,198.9,87,86,10.35,12.6,0
77,1,0,0.21,4,175.5,86,50.1,10.26,17.8,0
108,1,0,0,0,199.3,104,53,11.21,15.2,0
159,1,0,0,1,169.8,114,46,9.89,11.6,0
122,1,0,0,1,168.3,96,37,4.38,8.4,0
132,1,0,0,0,195.1,100,46,7.44,6.7,0
90,1,0,0,1,246.4,83,56,8.02,7.6,0
57,0,1,3.29,2,236.5,94,87.9,8.16,12.2,0
112,1,0,0,2,185.4,114,48,9.57,10,0
61,0,1,3.05,0,143.5,76,76.5,12.13,11.3,0
159,1,0,0,2,275.8,103,63,9.48,7.4,1
99,1,0,0,1,95.4,105,34,10.36,5.6,0
115,1,0,0,1,245,97,63,12.54,13.7,1
101,1,1,3.92,1,144.1,144,78.2,8.38,14.5,0
158,1,0,0,2,172.4,114,52,12.83,0,0
144,1,1,3.29,2,251.6,87,92.9,9.88,12.2,0
111,1,0,0,0,224.9,117,55,9.6,10.3,0
41,1,1,1.59,1,207.3,95,62.9,6.87,5.9,0
33,1,0,0,2,251.9,81,60,9.73,8.4,0
50,1,0,0,1,131.7,108,41,10.83,11,0
89,1,0,0,3,89.5,66,31,8.97,12.3,0
103,1,0,0,1,158.7,90,44,9.92,10.5,0
123,1,0,0,3,206.9,85,56,12.24,7.7,0
88,1,0,0,2,152.9,119,41,8.56,12,0
116,1,0,0,0,201.8,82,54,11.58,16.5,0
67,1,1,2.54,1,230.6,40,81.4,9.46,9.4,0
139,1,0,0,5,134.4,106,41,10.57,10.2,1
133,1,0,0,4,221.1,133,52,8.01,8.4,0
148,0,0,0,1,218.7,111,51,7.78,8.2,0
156,1,0,0,1,123.7,96,30,5.15,13.1,0
10,1,0,0,2,186.1,112,48,9.51,11.4,0
105,1,1,2.62,2,88.1,125,56.2,8.8,9.7,0
113,1,0,0,5,61.2,111,19,4.62,13.7,1
111,1,0,0,0,249.8,109,64,12.12,11.6,1
75,1,0,0,1,226.1,105,56,10.08,10.3,0
112,1,0,0,0,208.7,150,54,10.64,8.5,0
27,1,0,0,1,72.7,75,31,10.43,9.9,0
104,1,0,0.34,3,109.1,141,38.4,9.36,10,0
132,1,0,0.31,1,191.9,107,54.1,10.35,12.6,0
205,1,0,0.32,2,49.9,123,25.2,7.54,10.1,0
100,1,0,0,6,70.8,94,31,10.78,9.5,1
63,1,1,3.29,1,190,137,75.9,5.83,12.2,0
29,1,0,0,1,195.6,71,44,6.32,14.2,0
61,1,0,0,2,197.7,118,47,7.61,7,0
196,1,0,0.36,1,133.1,80,44.6,10.33,10.3,0
91,1,0,0,2,147.2,121,40,8.76,13.3,0
27,1,0,0,2,201.2,128,54,11.36,8.4,0
132,1,1,2.84,3,226.2,103,82.4,9.08,10.5,1
116,1,0,0,0,160.7,69,40,7.34,8.2,0
150,1,0,0,4,189.3,77,51,11.05,9.2,0
87,1,0,0,1,186.9,79,48,9.13,4.2,0
156,1,0,0,3,174.3,95,46,9.33,12.9,0
132,1,0,0,3,240.1,115,57,9.02,8,0
86,1,1,3.21,3,253.1,112,93.1,10.51,11.9,0
127,1,0,0,2,220.2,108,54,9.42,11.7,0
112,1,0,0.26,3,189.4,83,53.6,10.95,7.1,0
132,1,1,2.46,1,154.6,128,72.6,12.28,9.1,0
88,1,1,2.65,2,190.6,104,79.5,11.87,9.8,0
121,1,0,0,1,177.2,142,41,6.18,8.4,0
